name,obs_mean,obs_std,obs_min,obs_max,obs_stat_min,obs_stat_max,sim_mean,sim_std,sim_min,sim_max,sim_stat_min,sim_stat_max,distance
M009_LCA_199204,227.723,32.2707,149.939,304.239,259.994,195.452,514.648,11.0833,489.174,539.62,525.731,503.565,184.935
M009_LCA_199205,475.227,31.1329,395.696,578.98,506.36,444.095,859.264,69.0984,713.02,1044.15,928.363,790.166,134.04
M009_LCA_199305,712.172,29.8372,638.078,799.165,742.009,682.335,1715.83,67.4605,1550.46,1884.24,1783.29,1648.37,751.292
M009_LCA_199306,1238.54,30.5054,1153.68,1323.18,1269.04,1208.03,567.881,72.3389,385.093,733.719,640.22,495.542,419.961
M009_LCA_199307,340.917,27.2579,286.284,410.415,368.175,313.659,53.5972,17.8092,4.56519,101.798,71.4065,35.788,184.486
M009_LCA_199506,1672,30.0291,1586.36,1754.62,1702.03,1641.97,2967.04,269.421,2270.7,3674.27,3236.46,2697.62,516.077
M009_LCA_199507,1363.19,29.8076,1285.73,1450.43,1393,1333.38,266.713,86.2749,65.9421,444.649,352.988,180.438,841.077
M009_LCA_199605,875.868,32.0234,765.405,955.208,907.891,843.845,1778.24,402.953,1096.27,3548.77,2181.2,1375.29,141.063
M009_LCA_199705,509.854,32.3883,419.593,590.83,542.242,477.466,2451.07,537.028,1347.13,4415.43,2988.09,1914.04,756.301
M009_LCA_199706,807.564,29.4491,712.469,896.38,837.013,778.115,2445.55,675.327,1138.12,5038.35,3120.87,1770.22,241.737
M009_LCA_199805,395.499,24.3336,310.808,468.407,419.832,371.165,1998.08,371.311,1215.39,3245.88,2369.39,1626.77,746.987
M009_LCA_199906,414.059,26.9147,340.897,476.995,440.974,387.145,3592.09,1033.58,1478.29,7151.94,4625.67,2558.52,1001.29
M009_LCA_200005,547.131,27.6781,472.76,625.846,574.809,519.453,3119.39,756.934,1608.51,5486.29,3876.32,2362.45,982.661
M009_LCA_200008,240.51,28.7511,137.088,306.524,269.262,211.759,881.808,269.057,326.638,1739.83,1150.87,612.751,20.1135
M009_LCA_200009,226.062,25.5022,150.559,285.238,251.564,200.56,874.226,273.403,308.537,1751.77,1147.63,600.823,23.2998
M009_LCA_200012,159.818,29.4088,56.6407,249.646,189.227,130.409,809.891,268.309,251.157,1660.1,1078.2,541.582,1.51046
M009_LCA_200101,156.187,29.8432,72.1606,220.825,186.03,126.344,809.134,267.858,248.985,1657.3,1076.99,541.275,28.1592
M009_LCA_200103,103.529,28.1874,45.4332,183.755,131.717,75.342,807.339,266.098,249.373,1650.39,1073.44,541.241,65.6176
M009_LCA_200105,593.869,31.5111,503.953,720.676,625.381,562.358,4241.61,822.461,2669.51,6741.58,5064.07,3419.15,1948.84
M009_LCA_200107,307.412,30.2683,231.46,380,337.68,277.143,1270.62,383.237,427.339,2331.42,1653.86,887.386,47.3392
M009_LCA_200108,273.331,31.6413,190.12,355.723,304.972,241.69,1229.24,374.666,471.064,2250.05,1603.91,854.574,115.341
M009_LCA_200109,203.606,29.2318,120.972,275.695,232.838,174.375,1122.43,367.993,296.19,2049.76,1490.43,754.441,20.4951
M009_LCA_200111,131.295,32.3182,37.2244,206.193,163.613,98.9764,1028.89,355.176,257.197,1931.78,1384.07,673.716,51.0049
M009_LCA_200205,309.426,30.8303,240.335,383.756,340.256,278.596,2109.24,542.619,915.368,3719.56,2651.86,1566.62,531.612
M009_LCA_200206,242.841,29.8511,143.485,341.739,272.692,212.99,1184.72,371.768,387.174,2205.42,1556.49,812.952,45.4349
M009_LCA_200207,208.993,28.3213,146.065,288.979,237.314,180.672,1048.79,342.622,303.522,1939.58,1391.42,706.172,14.5425
M009_LCA_200209,180.492,32.0897,105.647,272.16,212.582,148.403,1191.63,343.712,443.072,2110.23,1535.34,847.919,170.912
M009_LCA_200310,149.119,27.3686,80.9642,236.921,176.487,121.75,1227.22,364.449,427.085,2203.09,1591.67,862.767,190.164
M009_LCA_200405,538.365,32.6849,455.219,638.018,571.05,505.68,4704.35,876.681,2653.53,6726.46,5581.03,3827.67,2015.51
M009_LK_199201,2.40164,0.691024,0.848638,4.18427,3.09267,1.71062,0.277269,0.096578,0.0427906,0.618926,0.373847,0.180691,0.229712
M009_LK_199410,16.3212,0.707983,14.7759,18.4878,17.0292,15.6132,0.893272,0.316477,0.152389,1.94565,1.20975,0.576795,12.8303
M009_LK_199412,10.1685,0.742361,7.97815,12.09,10.9109,9.42618,0.894013,0.3069,0.190174,1.9138,1.20091,0.587113,6.06435
M009_LK_199501,8.66865,0.658883,6.60165,10.1262,9.32753,8.00976,0.919944,0.310227,0.214916,1.92658,1.23017,0.609717,4.67507
M009_LK_199504,14.4409,0.636229,12.0328,15.8628,15.0771,13.8046,0.907802,0.312241,0.175937,1.90211,1.22004,0.595561,10.1307
M009_LK_199506,142.726,0.748018,140.547,144.641,143.474,141.978,9.72536,3.07963,2.96768,19.4404,12.805,6.64574,121.107
M009_LK_199507,123.352,0.715074,121.15,124.873,124.067,122.637,2.63646,0.882667,0.725758,5.43328,3.51913,1.75379,115.716
M009_LK_199509,23.3348,0.683009,21.1964,25.0032,24.0179,22.6518,1.35328,0.443751,0.305941,2.69218,1.79703,0.909531,18.5042
M009_LK_199510,11.9118,0.672924,10.2606,13.4977,12.5847,11.2389,1.41646,0.456909,0.347231,2.6461,1.87337,0.959554,7.61446
M009_LK_199511,6.89694,0.656064,5.1564,8.76947,7.55301,6.24088,1.50152,0.522509,0.351559,2.94255,2.02403,0.979008,2.21384
M009_LK_199604,12.5843,0.713276,10.6414,14.2939,13.2975,11.871,2.63827,1.15696,0.627811,7.55192,3.79523,1.48131,3.08952
M009_LK_199605,86.4916,0.714481,84.4683,88.4631,87.2061,85.7771,9.93957,4.35812,2.46859,28.3306,14.2977,5.58145,56.1377
M009_LK_199610,19.3888,0.693173,17.8371,21.0601,20.082,18.6957,6.9095,2.59322,1.85836,16.6739,9.50272,4.31628,1.16321
M009_LK_199705,40.5637,0.753355,38.5802,42.2704,41.3171,39.8103,16.4479,6.08474,4.23028,38.4054,22.5327,10.3632,0.174755
M009_LK_199706,56.5368,0.795144,54.7239,58.4891,57.3319,55.7417,19.1402,7.56898,4.69171,47.691,26.7091,11.5712,7.0329
M009_LK_199707,37.5976,0.741271,35.9713,39.4656,38.3388,36.8563,5.63981,2.18635,1.40261,13.9432,7.82616,3.45346,22.0281
M009_LK_199708,23.0936,0.715325,21.2683,25.0547,23.8089,22.3783,5.5174,2.12107,1.38153,13.4451,7.63847,3.39633,7.82322
M009_LK_199709,22.0723,0.657727,20.5817,23.4399,22.7301,21.4146,5.44027,2.07733,1.37093,13.1924,7.5176,3.36295,7.3893
M009_LK_200405,83.9,0.677589,82.3552,86.0473,84.5776,83.2224,28.9175,9.9557,5.26853,62.4528,38.8732,18.9618,19.9024
M009_LMG_199207,14.0658,2.30999,7.50346,21.8393,16.3758,11.7558,3.18306,1.11286,0.789545,5.90473,4.29592,2.0702,1.59873
M009_LMG_199305,48.9688,2.20275,44.1333,54.4684,51.1716,46.7661,21.3459,7.14988,7.05811,39.6998,28.4958,14.196,4.43352
M009_LMG_199306,92.0026,2.08289,86.6988,96.7017,94.0855,89.9197,23.8406,7.80807,8.72453,42.5046,31.6486,16.0325,44.1942
M009_LMG_199307,19.1689,2.12227,14.6635,25.684,21.2911,17.0466,4.70628,1.79956,1.24285,9.09235,6.50584,2.90671,5.57119
M009_LMG_199507,96.7983,2.55639,91.4622,104.754,99.3547,94.2419,24.7133,8.06714,7.26043,48.5075,32.7805,16.6462,42.9546
M009_LMG_199705,30.0986,2.15941,24.0277,35.5606,32.2581,27.9392,151.957,60.5643,44.6512,365.029,212.521,91.3925,9.09063
M009_LMG_199710,14.4543,2.18102,9.85645,20.2257,16.6353,12.2733,70.3116,25.9784,20.5525,156.285,96.2899,44.3332,0.326788
M009_LMG_199803,6.0113,1.92497,0.180364,9.76919,7.93627,4.08634,47.9752,19.8357,10.8207,115.842,67.8109,28.1396,1.05153
M009_LMG_199805,22.9218,2.05497,17.2629,27.349,24.9768,20.8669,108.139,41.6558,29.7418,245.54,149.794,66.4828,2.39288
M009_LMG_199809,5.97439,2.23296,-0.0568071,11.2885,8.20735,3.74142,53.9722,22.2467,11.5821,128.272,76.2189,31.7256,0.293663
M009_LMG_199906,27.9832,2.07204,22.3847,33.0607,30.0553,25.9112,287.394,114.786,69.1015,671.928,402.181,172.608,36.0409
M009_LMG_199911,5.60906,2.16239,-0.259101,11.9021,7.77145,3.44666,64.5727,26.5142,12.9976,148.209,91.0869,38.0585,1.09559
M009_LMG_200003,5.583,2.3584,-0.588516,11.0819,7.94141,3.2246,65.5006,26.4611,13.9516,147.801,91.9617,39.0395,2.86967
M009_LMG_200005,35.6858,1.98856,31.5615,41.0513,37.6744,33.6972,212.607,86.0592,53.4006,452.059,298.666,126.547,12.3493
M009_LMG_200009,10.4121,2.01357,4.53216,15.4046,12.4257,8.39852,74.8791,30.0557,15.9153,163.964,104.935,44.8233,0.5107
M009_LMG_200011,7.47112,2.20692,1.85223,13.7349,9.67804,5.26421,74.2071,29.8366,15.2103,163.762,104.044,44.3705,1.47539
M009_LMG_200012,6.29946,2.27708,0.27827,12.0296,8.57654,4.02239,74.1857,29.8251,15.1522,163.141,104.011,44.3607,3.12257
M009_LMG_200101,6.23846,2.16444,1.37878,11.1473,8.4029,4.07402,74.1849,29.8646,15.2198,162.7,104.05,44.3203,4.0725
M009_LMG_200103,5.92985,2.33911,-0.293191,13.6444,8.26897,3.59074,74.2192,29.6977,15.5933,161.583,103.917,44.5214,1.94888
M009_LMG_200107,14.0473,2.08124,7.89077,19.0033,16.1285,11.966,103.122,42.0361,20.1999,251.119,145.158,61.0862,1.1966
M009_LMG_200108,12.311,2.21168,6.91999,19.0745,14.5226,10.0993,103.551,41.7887,20.975,249.084,145.34,61.7626,1.90054
M009_LMG_200109,7.21896,2.12176,0.986308,13.1684,9.34072,5.0972,100.551,40.9796,19.7683,242.331,141.531,59.5716,6.59992
M009_LMG_200111,5.5759,2.18935,0.961779,10.9395,7.76526,3.38655,98.5573,39.9572,19.3749,234.249,138.515,58.6001,8.43537
M009_LMG_200204,10.8086,2.1604,5.0212,16.381,12.969,8.64823,93.8582,37.9689,18.4017,225.118,131.827,55.8893,2.0207
M009_LMG_200205,16.3135,2.36975,9.9147,21.7559,18.6832,13.9437,154.488,59.0741,38.4978,322.736,213.562,95.4136,16.7419
M009_LMG_200206,7.04267,2.20441,1.01154,14.2761,9.24708,4.83826,97.4843,39.4942,18.5038,226.958,136.979,57.9901,4.22771
M009_LMG_200207,5.7052,2.16387,-0.704989,10.1492,7.86907,3.54134,93.6123,37.7512,18.165,220.396,131.364,55.8612,8.01577
M009_LMG_200209,7.28738,2.29202,0.966361,13.6374,9.5794,4.99536,93.3793,37.4711,18.5378,219.213,130.85,55.9082,4.90032
M009_LMG_200212,5.63782,2.04309,1.17666,11.7376,7.68091,3.59473,90.4821,36.0486,17.8305,210.229,126.531,54.4335,6.09292
M009_LMG_200304,5.83572,2.18902,-0.599339,10.6935,8.02474,3.64671,85.7245,34.435,18.3628,201.083,120.16,51.2895,7.6693
M009_LMG_200307,12.7119,2.26386,7.29272,18.7342,14.9758,10.4481,101.352,40.1946,18.7952,229.362,141.547,61.1579,0.0610623
M009_LMG_200308,14.2752,2.03625,9.27217,18.7496,16.3115,12.239,102.065,40.2152,19.4182,233.975,142.28,61.8498,0.668605
M009_LMG_200310,6.16197,2.24765,0.812436,10.8125,8.40962,3.91431,97.1301,38.7158,17.6292,224.607,135.846,58.4144,6.81673
M009_LMG_200403,5.68378,2.23211,-0.155483,10.3474,7.91589,3.45167,92.5455,36.6718,17.9105,214.095,129.217,55.8737,7.56309
M009_LMG_200404,9.56353,2.00807,4.79301,14.7579,11.5716,7.55546,90.8113,36.1525,17.5816,210.737,126.964,54.6588,2.82367
M009_LMG_200405,26.1571,2.06089,19.5252,32.7191,28.218,24.0962,258.565,97.7686,56.1287,550.141,356.334,160.796,23.4096
M009_LNA_199507,88.1171,4.30804,78.1205,99.7661,92.4251,83.8091,39.9947,16.3387,6.2203,71.522,56.3334,23.656,6.5985
M009_LNA_199906,25.0196,4.06986,13.7276,34.7048,29.0895,20.9497,489.294,220.127,59.3445,1133.82,709.42,269.167,24.6397
M009_LNA_200405,32.7845,4.09377,18.1837,42.8755,36.8782,28.6907,468.655,210.507,43.8063,1231.76,679.162,258.148,0.930893
M009_LSO4_199201,459.962,42.8976,363.07,583.71,502.86,417.065,70.4657,32.6878,7.81841,164.105,103.153,37.778,198.965
M009_LSO4_199203,531.962,42.0039,429.851,631.761,573.966,489.958,68.8459,32.6871,5.92982,156.622,101.533,36.1588,273.229
M009_LSO4_199204,999.956,40.1143,903.447,1100.14,1040.07,959.841,74.5228,33.9816,7.50614,147.364,108.504,40.5412,756.082
M009_LSO4_199205,1715.54,42.7257,1601.31,1838.08,1758.26,1672.81,482.839,212.198,60.4328,991.425,695.037,270.641,609.886
M009_LSO4_199206,1525.75,43.8872,1380.27,1635.95,1569.63,1481.86,379.389,164.527,45.4155,743.546,543.915,214.862,636.729
M009_LSO4_199207,1220.16,44.3895,1101.21,1340.11,1264.55,1175.77,83.4216,36.2115,9.42304,164.721,119.633,47.2101,936.492
M009_LSO4_199209,806.598,46.518,702.31,956.345,853.116,760.08,120.998,58.4077,13.8161,314.532,179.406,62.5905,387.778
M009_LSO4_199210,611.458,41.5569,517.422,728.51,653.015,569.901,96.3672,44.8424,13.5371,236.623,141.21,51.5248,280.8
M009_LSO4_199212,508.925,38.2446,398.763,612.221,547.169,470.68,108.873,46.9309,13.7072,227.637,155.804,61.9423,171.126
M009_LSO4_199303,489.796,41.1741,382.361,585.092,530.97,448.622,101.8,42.7023,13.5751,230.333,144.502,59.0977,152.029
M009_LSO4_199304,630.628,44.1836,467.057,753.894,674.811,586.444,92.9705,39.2182,12.4603,180.156,132.189,53.7523,286.901
M009_LSO4_199305,2216.18,46.9099,2089.91,2354.22,2263.09,2169.27,521.161,208.999,74.9482,1014.26,730.16,312.162,1075.65
M009_LSO4_199306,3688.98,42.5113,3549.45,3791.09,3731.49,3646.47,605.703,230.487,88.3146,1116.84,836.189,375.216,2432.61
M009_LSO4_199307,1270.35,40.6866,1165.06,1387.06,1311.03,1229.66,129.43,52.5672,14.7517,263.296,181.998,76.8632,901.762
M009_LSO4_199310,672.681,42.2766,568.23,808.401,714.957,630.404,144.685,56.1297,17.1755,277.565,200.815,88.5556,290.665
M009_LSO4_199410,964.411,45.1468,849.867,1066.39,1009.56,919.264,221.163,90.3176,36.2838,474.523,311.48,130.845,375.344
M009_LSO4_199412,868.648,40.5951,770.853,967.83,909.244,828.053,221.495,87.8622,37.0777,465.468,309.357,133.632,305.385
M009_LSO4_199501,713.22,42.3939,598.267,812.087,755.614,670.826,226.993,88.9883,37.7919,467.928,315.981,138.005,130.339
M009_LSO4_199504,794.114,44.0643,648.839,903.897,838.179,750.05,220.842,87.4574,37.4647,459.506,308.299,133.385,189.333
M009_LSO4_199506,4753.95,42.4466,4665.68,4850.67,4796.4,4711.51,2184.87,849.446,434.629,4481.86,3034.32,1335.43,183.815
M009_LSO4_199507,3907.9,43.6739,3798.87,4014.36,3951.57,3864.23,639.136,255.531,98.3306,1290.82,894.667,383.605,2508.05
M009_LSO4_199509,1085.98,47.1809,976.294,1222.1,1133.16,1038.8,326.217,131.97,47.2005,644.38,458.187,194.247,331.914
M012_LCA_199204,473.472,146.18,61.088,854.473,619.652,327.292,1470.3,134.578,1035.34,1787.35,1604.88,1335.73,180.87
M012_LCA_199205,809.033,122.063,391.985,1108.01,931.095,686.97,2222.74,280.821,1594.46,2809.54,2503.56,1941.92,486.45
M012_LCA_199206,850.593,134.993,502.813,1226.39,985.587,715.6,3315.8,226.611,2630.51,3832.95,3542.41,3089.19,1404.12
M012_LCA_199210,325.43,136.919,-74.829,652.2,462.349,188.511,2574.57,146.888,1923.23,2862.35,2721.45,2427.68,1271.03
M012_LCA_199305,916.507,134.444,520.203,1281.11,1050.95,782.063,3444.32,292.093,2768.24,4061.29,3736.41,3152.23,1487.13
M012_LCA_199306,1396.78,136.907,1007.79,1736.28,1533.69,1259.88,6834.42,306.972,6048.91,7432.48,7141.39,6527.45,4312.63
M012_LCA_199310,330.039,146.027,-127.831,737.448,476.066,184.012,7745.25,162.945,7368.99,8088.16,7908.19,7582.31,6631.54
M012_LCA_199405,491.67,147.328,127.223,948.57,638.998,344.342,2946.35,285.782,2226.61,3516.41,3232.13,2660.57,1278.04
M012_LCA_199406,1057.59,134.448,729.585,1368.94,1192.04,923.143,3083.73,234.993,2360.34,3552.16,3318.73,2848.74,991.398
M012_LCA_199410,422.477,134.266,95.3432,685.158,556.743,288.211,8067.58,210.154,7537.51,8516.11,8277.73,7857.42,6852.36
M012_LCA_199506,1392.42,139.338,999.87,1722.57,1531.76,1253.08,7423.39,571.729,5937.3,8761.69,7995.12,6851.66,4214.72
M012_LCA_199507,1438.84,136.153,1044.79,1771.71,1574.99,1302.69,3073.22,268.777,2379.45,3673.12,3342,2804.44,607.746
M012_LCA_199508,634.184,127.748,272.084,1079.67,761.932,506.436,1840.46,233.028,1160.53,2300.08,2073.48,1607.43,80.8548
M012_LCA_199509,441.543,131.237,122.638,783.233,572.779,310.306,1608.38,220.451,943.383,2049.32,1828.83,1387.93,160.15
M012_LCA_199510,327.553,131.613,41.4031,653.043,459.166,195.939,5861.28,213.118,5302.55,6306.67,6074.4,5648.17,4649.51
M012_LCA_199511,288.465,137.62,-26.5928,626.758,426.084,150.845,3423.64,216.795,2857.28,3898.18,3640.43,3206.84,2230.52
M012_LCA_199604,386.367,127.155,-8.12173,688.232,513.522,259.212,1346.8,239.931,702.155,2056.42,1586.73,1106.87,13.9221
M012_LCA_199605,1014.28,131.512,638.584,1327.85,1145.8,882.772,6548.03,487.144,5342.03,8141.29,7035.18,6060.89,4014.18
M012_LCA_199608,361.86,136.578,31.1651,759.927,498.438,225.283,1773.91,250.814,1096.6,2465.51,2024.72,1523.09,336.669
M012_LCA_199609,338.333,131.224,-88.5352,632.63,469.557,207.109,3425.99,252.331,2730.47,4117.82,3678.32,3173.66,2097.84
M012_LCA_199610,449.386,139.285,128.98,773.317,588.672,310.101,7577.55,378.497,6508.57,8608.67,7956.05,7199.05,5735.26
M012_LCA_199611,325.627,133.337,22.9802,728.642,458.964,192.29,3620.14,256.721,2890.84,4332.44,3876.86,3363.42,2162.2
M012_LCA_199705,622.149,128.997,293.73,903.278,751.146,493.152,5199.46,678.746,3375.18,6999.48,5878.21,4520.72,2471.9
M012_LCA_199706,889.934,136.866,576.004,1243.26,1026.8,753.068,6719.58,763.018,4815.84,9074.27,7482.6,5956.56,3572.58
M012_LCA_199707,745.117,131.865,424.413,1037.29,876.982,613.252,2106.36,300.062,1269.04,2887.67,2406.42,1806.3,231.741
M012_LCA_199708,537.582,124.27,134.125,952.644,661.852,413.312,2287.01,305.682,1437.53,3049.32,2592.7,1981.33,484.884
M012_LCA_199709,626.875,136.434,253.306,963.573,763.309,490.441,2492.38,320.239,1614.38,3304.54,2812.62,2172.14,650.803
M012_LCA_199710,440.915,152.257,29.5835,862.446,593.172,288.658,9219.52,374.811,8136.4,10141.9,9594.33,8844.71,7273.95
M012_LCA_199711,343.44,136.986,4.76258,707.786,480.425,206.454,1632.83,318.081,748.384,2492.92,1950.91,1314.75,40.5979
M012_LCA_199803,287.975,141.57,-87.3716,664.599,429.545,146.405,1613.53,321.92,707.71,2447.97,1935.45,1291.61,43.1108
M012_LCA_199804,352.169,123.033,60.3578,615.842,475.202,229.136,1624.75,321.925,715.987,2455.42,1946.68,1302.83,100.144
M012_LCA_199805,609.628,136.281,222.125,990.811,745.908,473.347,3895.2,503.935,2473.07,5141.7,4399.13,3391.26,1482.26
M012_LCA_199806,612.464,142.3,181.014,1014.56,754.764,470.165,7614.6,615.335,6066.28,9542.19,8229.93,6999.27,5051.73
M012_LCA_199807,454.689,132.454,108.873,744.179,587.144,322.235,2150.94,336.783,1227.21,3017.05,2487.72,1814.16,483.034
M012_LCA_199808,339.807,127.815,-67.9828,626.343,467.622,211.992,2139.47,333.957,1220.76,2988.24,2473.43,1805.51,594.416
M012_LCA_199809,283.979,134.859,-125.574,632.633,418.839,149.12,2188.04,330.303,1278.84,3028.36,2518.34,1857.73,646.21
M012_LCA_199810,286.415,122.458,-43.1434,671.332,408.873,163.957,8900.34,331.659,7979.47,9750.87,9232,8568.68,7308.14
M012_LCA_199811,309.591,132.264,-155.236,650.681,441.855,177.327,1650.11,324.42,743.177,2489.72,1974.53,1325.69,92.4958
M012_LCA_199906,548.762,143.174,208.229,913.799,691.936,405.587,8235.52,1207.74,4949.76,11363.7,9443.26,7027.77,4035.96
M012_LCA_199908,483.169,125.859,171.489,749.902,609.029,357.31,2945.99,438.957,1733.59,3967.57,3384.95,2507.03,983.688
M012_LCA_199910,291.695,144.398,-97.9569,713.947,436.093,147.297,2260.86,427.909,981.261,3708.48,2688.77,1832.95,267.314
M012_LCA_199911,266.505,137.1,-74.8177,667.332,403.606,129.405,2357.85,490.944,909.798,3552.84,2848.8,1866.91,242.467
M012_LCA_200004,325.565,135.867,-73.819,673.291,461.432,189.698,2079.22,489.462,785.526,3231.59,2568.69,1589.76,112.235
M012_LCA_200005,913.431,153.232,549.426,1266.49,1066.66,760.2,7491.65,1374.89,3760.12,10637.9,8866.54,6116.76,2493.63
M012_LCA_200006,380.932,135.979,61.0588,797.082,516.911,244.952,2556.74,466.42,1027.06,3745.25,3023.16,2090.32,229.976
M012_LCA_200007,397.434,125.843,43.6817,717.615,523.277,271.592,2563.24,425.201,1431.82,3754.53,2988.44,2138.04,714.207
M012_LCA_200008,315.528,135.692,-31.9962,656.712,451.22,179.837,2719.63,430.296,1578.5,3834.32,3149.93,2289.34,921.788
M012_LCA_200009,290.151,120.659,19.5004,656.775,410.81,169.492,2635.52,439.089,1458.17,3737.83,3074.61,2196.43,801.399
M012_LCA_200011,277.308,133.385,-42.6276,692.601,410.693,143.924,2252.44,428.254,1088.09,3335,2680.7,1824.19,395.492
M012_LCA_200012,272.145,124.681,-190.388,529.319,396.826,147.463,2072.56,433.186,901.744,3152.06,2505.74,1639.37,372.425
M012_LCA_200105,717.582,146.88,288.284,1145.79,864.463,570.702,6180.22,987.072,3565.46,8969.31,7167.29,5193.15,2419.67
M012_LCA_200106,534.376,135.912,203.898,853.595,670.288,398.464,5402.93,733.886,3380.25,7234.33,6136.81,4669.04,2526.65
M012_LCA_200108,355.414,128.375,66.946,708.775,483.789,227.04,3050.62,525.915,1558.74,4222.04,3576.54,2524.71,849.97
M012_LCA_200109,290.706,126.472,-63.263,577.273,417.178,164.234,2838.22,520.396,1242.52,4025.21,3358.61,2317.82,665.252
M012_LCA_200111,212.243,127.529,-107.94,587.345,339.772,84.7143,2520.05,508.241,1089.9,3731.09,3028.29,2011.81,502.552
M012_LCA_200112,238.896,133.815,-208.544,553.571,372.71,105.081,2348.14,510.458,860.292,3501.72,2858.59,1837.68,306.721
M012_LCA_200203,292.701,146.827,-22.9157,641.347,439.528,145.873,2325.51,542.223,994.961,3619.09,2867.73,1783.28,353.614
M012_LCA_200204,345.755,129.781,27.9286,690.79,475.536,215.974,2278.2,533.319,1025.8,3580.65,2811.52,1744.88,335.009
M012_LCA_200205,391.387,137.545,41.5009,737.671,528.932,253.842,4301.59,714.022,2521.54,6101.16,5015.61,3587.57,1783.87
M012_LCA_200207,350.27,150.347,47.8406,884.938,500.616,199.923,2784.54,517.413,1299.78,4042.49,3301.95,2267.12,414.845
M012_LCA_200212,330.027,128.646,46.9703,662.09,458.673,201.381,2191.66,502.144,717.494,3448.24,2693.8,1689.52,55.4034
M012_LCA_200301,292.819,149.142,-68.7536,712.864,441.961,143.677,2095.63,509.59,810.096,3425.56,2605.22,1586.04,97.2325
M012_LCA_200305,708.138,136.751,327.294,1067.57,844.889,571.388,6494.55,1000.82,3718.72,8804.64,7495.37,5493.73,2651.15
M012_LCA_200306,422.105,128.272,135.979,817.742,550.377,293.832,3764.42,666.665,1840.1,5322.42,4431.08,3097.75,1022.36
M012_LCA_200307,398.183,135.39,88.6864,769.831,533.573,262.794,2876.18,503.65,1398.51,4016.03,3379.83,2372.53,628.676
M012_LCA_200310,225.818,124.827,-50.1603,595.792,350.645,100.99,2970.28,504.03,1486.82,4112.78,3474.31,2466.25,891.033
M012_LCA_200312,307.659,137.193,-1.49037,735.221,444.851,170.466,2476.74,501.985,1083.45,3670.15,2978.72,1974.75,348.231
M012_LCA_200405,714.08,129.162,314.259,993.52,843.242,584.918,6494.2,1060.25,3369.36,8880.87,7554.45,5433.95,2375.84
M012_LCA_200406,834.996,133.072,478.29,1139.84,968.067,701.924,5413.84,576.942,3992.18,6927.93,5990.78,4836.89,2852.34
M012_LCA_200408,356.631,136.426,54.3,765.536,493.057,220.205,3045.71,498.734,1569.66,4238.03,3544.44,2546.97,804.122
M012_LCA_200411,317.51,137.507,-47.8575,672.851,455.017,180.004,3185.41,560.656,1629.35,4707.9,3746.06,2624.75,956.504
M012_LCA_200505,469.559,131.813,158.322,845.594,601.372,337.746,8378.76,1000.91,5418.04,10836.7,9379.67,7377.85,4572.45
M012_LCA_200506,796.196,141.751,387.578,1146.41,937.947,654.445,6754.72,782.335,5132.69,8959.13,7537.05,5972.38,3986.29
M012_LCA_200508,422.194,131.174,110.914,758.468,553.368,291.021,3556.26,573.729,2185.92,5064.05,4129.99,2982.53,1427.45
M012_LCA_200512,393.06,120.751,118.73,765.131,513.811,272.309,3590.4,612.504,2187.15,5363.52,4202.9,2977.89,1422.02
M012_LCA_200604,435.824,126.723,141.826,799.912,562.547,309.102,2552.86,564.894,1265.15,4543.61,3117.75,1987.96,465.24
M012_LCA_200605,1037.01,135.389,676.379,1363.49,1172.4,901.619,8813.16,1368.16,5953.8,12760,10181.3,7445,4590.31
M012_LCA_200609,393.182,138.904,-25.721,704.948,532.086,254.279,6351.88,683.556,3719.9,8298.49,7035.44,5668.33,3014.96
M012_LCA_200610,470.851,137.293,160.049,775.408,608.144,333.558,11513.7,1883.11,4506.03,14937.9,13396.8,9630.58,3730.62
M012_LCA_200704,413.523,132.171,141.202,791.542,545.694,281.352,2368.68,776.259,941.405,5207.37,3144.94,1592.42,149.863
M012_LCA_200705,1084.65,133.277,787.179,1478.25,1217.92,951.369,9520.23,1935.13,5618,14963.7,11455.4,7585.1,4139.75
M012_LCA_200707,450.222,129.282,99.3349,813.973,579.504,320.94,3616.04,810.653,1775.41,5867.01,4426.7,2805.39,961.433
M012_LCA_200711,362.707,124.899,107.305,702.274,487.606,237.808,6275.45,1357.26,4273.2,16031.5,7632.71,4918.18,3570.93
M012_LCA_200805,551.175,129.475,259.731,863.424,680.651,421.7,5328.22,1044.41,2601.04,8482.79,6372.63,4283.81,1737.62
M012_LCA_200806,1582.46,126.945,1222.44,1889.12,1709.4,1455.51,9011.4,997.254,6535.61,12563.7,10008.6,8014.14,4646.49
M012_LCA_200808,441.201,145.125,46.6251,837.765,586.326,296.076,3611.65,676.039,2092.34,5183.98,4287.69,2935.61,1254.57
M012_LCA_200812,352.341,140.24,-45.495,722.106,492.581,212.1,2763.18,1028.9,1208.59,9326.68,3792.09,1734.28,486.488
M012_LCA_200904,776.803,123.416,513.911,1108.55,900.219,653.387,2442.86,578.917,1186.8,3808.32,3021.78,1863.94,78.2534
M012_LCA_200907,497.516,142.111,76.3149,944.359,639.627,355.405,4255.16,766.995,2491.98,6234.95,5022.16,3488.17,1547.62
M012_LCA_200909,330.915,142.008,-114.136,726.3,472.922,188.907,3880.1,1706.51,2034.9,15676.7,5586.61,2173.58,1308.6
M012_LCA_200911,319.147,138.327,20.6839,691.182,457.474,180.82,3773.41,760.122,2109.72,6415.52,4533.53,3013.29,1418.53
M012_LCA_201005,523.956,139.15,167.227,960.446,663.107,384.806,6203.96,878.511,3606.72,8424.64,7082.47,5325.45,2646.28
M012_LCA_201006,1316.63,140.765,931.197,1655.53,1457.39,1175.86,6259.57,1060.07,3299.54,8890.65,7319.64,5199.5,1644
M012_LCA_201008,478.175,146.43,77.8469,827.519,624.605,331.745,3661.09,684.525,1817.61,5163.6,4345.62,2976.57,990.092
M012_LCA_201011,367.416,115.177,66.7376,647.538,482.593,252.239,5844.22,618.925,4096.02,7417.11,6463.15,5225.3,3448.48
M012_LCA_201104,485.642,133.832,199.622,815.274,619.474,351.809,2524.49,566.454,894.054,3872.81,3090.94,1958.03,78.7798
M012_LCA_201106,1954.43,134.443,1622.11,2259.43,2088.88,1819.99,12214.2,1578.04,7795.29,15918.2,13792.2,10636.1,5535.86
M012_LCA_201108,436.261,149.117,66.2878,811.302,585.378,287.144,3851.34,718.962,1876.08,5674.93,4570.3,3132.38,1064.78
M012_LCA_201111,397.982,142.881,-77.2831,745.848,540.863,255.101,4609.4,639.663,2749.41,6282.64,5249.06,3969.73,2003.57
M012_LCL_200109,12.5603,15.0734,-33.0484,48.3991,27.6337,-2.5131,441.161,144.814,49.9564,790.513,585.975,296.347,1.5573
M012_LCL_200610,43.6021,14.7804,10.1559,79.1355,58.3825,28.8217,820.018,268.188,98.5639,1594.21,1088.21,551.83,19.4284
M012_LCL_200705,110.979,14.28,74.9904,144.263,125.259,96.6995,1410.31,562.001,152.291,3924.35,1972.32,848.313,8.02773
M012_LCL_200909,16.903,13.4612,-15.7409,51.1095,30.3641,3.44182,605.68,509.843,54.9353,5500.76,1115.52,95.8365,3.82582
M012_LCL_201111,27.3389,15.0615,-27.5152,62.938,42.4004,12.2775,583.182,182.379,64.9724,1045.81,765.561,400.803,2.03437
M012_LHCO3_199205,5061.88,130.223,4680.02,5413.91,5192.11,4931.66,1033.57,320.259,300.532,1794.36,1353.83,713.309,2885.66
M012_LHCO3_199206,7231.94,133.189,6912.99,7631.66,7365.13,7098.75,833.926,260.7,236.167,1483.24,1094.63,573.226,5429.75
M012_LHCO3_199207,2129.39,130.639,1736.77,2466.25,2260.03,1998.75,518.173,184.843,139.702,1207.27,703.015,333.33,529.5
M012_LHCO3_199305,6919.97,124.895,6605.42,7284.62,7044.86,6795.07,1303.34,394.278,414.198,2643.59,1697.62,909.066,3961.83
M012_LHCO3_199306,15766.9,134.32,15427.9,16091.9,15901.2,15632.6,1449.39,413.536,494.503,2562.19,1862.92,1035.85,12865.7
M012_LHCO3_199307,3606.82,109.559,3279.31,3947.23,3716.38,3497.26,850.841,276.549,227.335,1940.36,1127.39,574.292,1338.95
M012_LHCO3_199406,8597.75,139.885,8191.96,8985.4,8737.63,8457.86,1385.65,439.73,378.902,2791.12,1825.38,945.915,5400.84
M012_LHCO3_199506,15294.4,123.363,14990.9,15648.9,15417.8,15171,3273.39,920.479,1177.14,5804.45,4193.86,2352.91,9186.45
M012_LHCO3_199507,16363.9,133.106,15982.5,16739.7,16497,16230.8,1767.63,532.27,609.364,3260.58,2299.9,1235.36,12721.9
M012_LHCO3_199508,4109.41,140.316,3681.6,4504.55,4249.72,3969.09,1466.93,449.184,439.728,2793.62,1916.11,1017.74,887.976
M012_LHCO3_199601,107.809,134.967,-178.174,490.63,242.776,-27.1586,1519.76,453.571,527.665,3007.06,1973.33,1066.19,37.0349
M012_LHCO3_199605,6209.95,122.382,5957.62,6445.41,6332.33,6087.57,2709.55,840.943,1123.63,5284.67,3550.49,1868.61,672.949
M012_LHCO3_199611,200.874,137.139,-143.975,593.868,338.013,63.7347,1752.86,491.496,673.314,3247.91,2244.35,1261.36,79.4459
M012_LHCO3_199701,102.726,120.615,-215.832,431.755,223.341,-17.8883,2087.65,581.89,734.68,3882.56,2669.55,1505.76,302.925
M012_LHCO3_199702,112.936,126.446,-169.375,503.03,239.383,-13.51,2083.84,581.479,734.441,3963.93,2665.32,1502.36,231.411
M012_LHCO3_199703,239.35,125.677,-121.77,589.845,365.027,113.673,1970.81,544.376,731.624,3653.25,2515.19,1426.43,141.779
M012_LHCO3_199707,5040.24,138.403,4701.7,5354.09,5178.64,4901.84,2014.38,569.555,884.326,3641.17,2583.93,1444.82,1060.54
M012_LHCO3_199711,234.366,130.742,-127.777,497.676,365.108,103.623,2086.19,598.259,877.907,3804.8,2684.44,1487.93,380.23
M012_LHCO3_199712,121.088,128.034,-275.253,497.978,249.122,-6.94535,2069.32,595.229,869.592,3848.42,2664.55,1474.09,371.614
M012_LHCO3_199802,96.7368,128.623,-197.931,390.969,225.36,-31.8859,2135.14,606.7,891.102,3907.61,2741.84,1528.44,500.132
M012_LHCO3_199803,96.4987,122.161,-242.358,435.579,218.66,-25.6627,2188,618.241,898.464,4018.65,2806.24,1569.76,462.885
M012_LHCO3_199804,413.733,112.467,90.7107,827.739,526.2,301.265,2195.72,620.062,897.954,4053.77,2815.79,1575.66,70.2154
M012_LHCO3_199808,484.985,132.468,234.18,821.946,617.453,352.516,2177.87,628.786,908.613,3929.93,2806.65,1549.08,86.667
M012_LHCO3_199809,244.45,131.562,-122.905,571.704,376.012,112.888,2164.74,624.369,916.165,3913.43,2789.11,1540.38,344.461
M012_LHCO3_199810,265.71,121.448,-61.2735,596.244,387.158,144.261,2167.35,624.719,914.617,3939.93,2792.07,1542.63,318.374
M012_LHCO3_199811,216.946,124.51,-80.0547,646.17,341.456,92.4366,2139.92,619.046,897.273,3897.96,2758.97,1520.87,251.103
M012_LHCO3_199902,82.4184,123.168,-245.947,408.151,205.586,-40.7494,2444.17,686.145,977.525,4519.4,3130.31,1758.02,569.374
M012_LHCO3_199904,247.335,126.078,-41.0252,591.983,373.414,121.257,2138.78,616.208,889.841,3891.89,2754.99,1522.57,297.857
M012_LHCO3_199910,275.48,134.917,-90.8482,582.864,410.398,140.563,2579.4,767.421,1083.74,4599.59,3346.82,1811.97,500.872
M012_LHCO3_199911,73.4067,129.976,-191.53,450.713,203.383,-56.5695,2562.93,769.067,1053.26,4617.3,3332,1793.86,602.55
M012_LHCO3_200004,416.576,119.094,139.627,729.347,535.67,297.482,2746.28,804.669,1131.3,4928.88,3550.95,1941.61,401.948
M012_LHCO3_200006,839.82,136.29,511.108,1173.66,976.11,703.53,2873.36,874.578,1204.54,5216.08,3747.93,1998.78,30.884
M012_LHCO3_200007,437.358,146.529,16.3696,812.494,583.887,290.83,2766.65,842.621,1134.04,5075.15,3609.27,1924.03,321.545
M012_LHCO3_200008,251.502,124.666,-60.3639,588.124,376.168,126.837,2762.22,832.271,1144.06,5071.32,3594.49,1929.95,555.935
M012_LHCO3_200009,272.784,137.191,-99.3244,633.762,409.974,135.593,2815.15,833.783,1131.99,4989.39,3648.93,1981.37,498.225
M012_LHCO3_200011,154.057,128.832,-179.737,561.363,282.889,25.2246,2749.28,829.36,1123.78,4969.75,3578.64,1919.92,562.413
M012_LHCO3_200012,86.8523,127.158,-227.041,430.498,214.01,-40.3055,2753.09,833.15,1123.63,4964.77,3586.24,1919.94,693.128
M012_LHCO3_200103,87.3934,117.644,-264.912,382.074,205.037,-30.2504,3121.85,900.258,1283.02,5576.71,4022.11,2221.59,900.943
M012_LHCO3_200108,760.317,130.064,435.319,1131.91,890.381,630.253,3300.82,1045.37,1352.15,6934.34,4346.19,2255.45,220.243
M012_LHCO3_200109,227.433,124.606,-147.529,499.244,352.039,102.827,3301.64,1055.64,1347.23,6902.59,4357.28,2246,847.989
M012_LHCO3_200111,107.889,124.171,-242.224,359.497,232.06,-16.2817,3206.33,1016.29,1314.54,6567.99,4222.62,2190.04,955.044
M012_LHCO3_200112,69.1504,138.596,-265.385,436.823,207.746,-69.4456,3215.82,1018.65,1304.27,6585.68,4234.47,2197.18,867.442
M012_LHCO3_200203,108.413,137.783,-243.082,429.34,246.196,-29.3695,3337.09,1023.45,1362.85,6627.55,4360.55,2313.64,933.512
M012_LHCO3_200204,294.674,131.92,14.4444,674.562,426.593,162.754,3147.25,988.284,1282.68,6422.92,4135.53,2158.96,608.121
M012_LHCO3_200205,772.935,127.811,347.734,1097.31,900.747,645.124,4332.81,1384.61,1649.91,8436.37,5717.42,2948.2,552.599
M012_LHCO3_200207,198.811,126.924,-134.322,466.038,325.736,71.8869,3190.42,991.299,1277.61,6303.91,4181.72,2199.12,811.569
M012_LHCO3_200212,120.532,132.296,-268.172,548.178,252.829,-11.7641,3049.5,959.258,1217.72,6084.01,4008.75,2090.24,669.544
M012_LHCO3_200301,77.0174,130.179,-237.807,422.338,207.196,-53.1613,3070.29,954.935,1237.77,6073.67,4025.22,2115.35,815.43
M012_LHCO3_200304,108.226,121.793,-172.395,495.064,230.019,-13.5667,3100.82,947.762,1247.46,6032.96,4048.58,2153.06,752.394
M012_LHCO3_200307,557.864,139.739,131.369,919.158,697.604,418.125,3277.99,1035.65,1306.96,6595.83,4313.64,2242.35,387.806
M012_LHCO3_200310,72.6417,133.797,-184.064,588.614,206.439,-61.1552,3193.64,1003.24,1270.61,6354.97,4196.87,2190.4,681.993
M012_LHCO3_200312,121.186,122.954,-244.737,449.256,244.139,-1.76808,3171.34,1004.95,1282.58,6414.05,4176.29,2166.39,833.324
M012_LHCO3_200403,104.983,138.857,-200.365,470.697,243.84,-33.8745,3366.61,1012.02,1352.57,6365.33,4378.63,2354.6,881.869
M012_LHCO3_200408,389.889,125.237,39.4547,703.163,515.126,264.652,3255.74,1041.67,1261.9,6921.6,4297.41,2214.07,558.735
M012_LHCO3_200411,193.395,128.879,-245.616,486.546,322.274,64.5159,3418.08,1094.08,1291.59,6819.32,4512.16,2324,805.04
M012_LHCO3_200505,786.585,114.143,572.167,1125.5,900.727,672.442,5928.06,2006.7,1966.29,12233.5,7934.76,3921.35,840.79
M012_LHCO3_200512,142.049,128.624,-264.205,434.547,270.673,13.4254,3326.86,1068.6,1266.56,6905.88,4395.46,2258.25,832.014
M012_LHCO3_200604,452.562,135.142,48.8722,836.087,587.704,317.42,3488.01,1069.3,1339.14,6854.37,4557.31,2418.71,503.05
M012_LHCO3_200609,635.305,122.97,345.854,969.976,758.275,512.335,4078.59,1198.69,1589.08,7452.11,5277.28,2879.89,619.107
M012_LHCO3_200610,475.51,126.788,116.283,733.374,602.297,348.722,5621.27,1675.46,2124.71,10634.7,7296.73,3945.8,1391.34
M012_LHCO3_200704,238.58,121.618,-40.1012,565.136,360.199,116.962,3318.58,1036.99,1288.42,6560.69,4355.58,2281.59,723.282
M012_LHCO3_200705,3172.38,128.944,2770.77,3474.51,3301.32,3043.43,10180.2,3207.05,3615.95,17810.6,13387.2,6973.11,141.438
M012_LHCO3_200707,914.301,131.71,539.415,1222.91,1046.01,782.591,3697.81,1148.23,1408.17,7462.68,4846.04,2549.58,185.257
M012_LHCO3_200711,246.167,140.317,-108.639,587.415,386.484,105.85,4000.32,1899.62,1422.39,17268.1,5899.94,2100.7,834.978
M012_LHCO3_200805,914.364,142.598,540.505,1293.71,1056.96,771.766,5780.62,1926.55,1942.29,11419.3,7707.18,3854.07,648.573
M012_LHCO3_200808,679.106,136.657,352.466,1065.3,815.763,542.449,3835.29,1213.88,1440.48,7562.57,5049.17,2621.41,375.18
M012_LHCO3_200812,101.591,127.63,-309.019,390.128,229.221,-26.0396,4024.47,1895.62,1502.81,16987.2,5920.1,2128.85,1112.69
M012_LHCO3_200907,783.043,134.379,459.829,1128.83,917.423,648.664,4134.26,1314,1546.18,8561.26,5448.26,2820.26,417.35
M012_LHCO3_200909,213.55,121.333,-146.638,511.728,334.883,92.2172,4362.63,2277.39,1481.8,18798.4,6640.03,2085.24,970.072
M012_LHCO3_200911,107.136,111.43,-174.702,378.901,218.566,-4.29438,4374.25,1453.44,1456.11,9329.37,5827.7,2920.81,1077.21
M012_LHCO3_201005,447.486,122.942,149.302,846.605,570.428,324.544,5325.76,1724.69,1767.54,11448.8,7050.45,3601.07,920.937
M012_LHCO3_201008,736.509,134.698,359.613,1109.79,871.207,601.811,4134.52,1304.1,1586.48,7953.37,5438.62,2830.42,476.689
M012_LHCO3_201011,105.276,140.405,-301.212,449.245,245.681,-35.128,4042.38,1239.09,1620.91,7666.3,5281.47,2803.29,1171.67
M012_LHCO3_201104,194.134,125.094,-90.8814,526.055,319.228,69.0398,3898.76,1222.38,1442.88,8171.5,5121.14,2676.38,916.828
M012_LHCO3_201108,417.3,145.657,1.36856,735.25,562.956,271.643,4415.34,1387.97,1468.07,8360.72,5803.31,3027.37,732.815
M012_LHCO3_201111,162.678,153.405,-271.663,516.083,316.083,9.27358,4215.24,1310.38,1538.88,7918.48,5525.62,2904.85,1022.8
M012_LK_199203,12.2585,0.75223,10.1475,14.4537,13.0108,11.5063,3.59686,1.31821,1.12426,7.68867,4.91507,2.27864,2.45887
M012_LK_199204,20.2739,0.713084,18.3525,22.2931,20.987,19.5608,3.68162,1.34571,1.09884,7.67579,5.02732,2.33591,10.6767
M012_LK_199205,51.0568,0.825997,48.8883,52.8955,51.8828,50.2308,8.3542,2.60307,3.23766,15.4202,10.9573,5.75112,33.4681
M012_LK_199206,53.9974,0.715725,52.5447,56.4577,54.7131,53.2817,7.01927,2.03805,2.80251,12.4328,9.05731,4.98122,40.1119
M012_LK_199207,22.0731,0.808806,20.2709,24.3261,22.8819,21.2643,4.20434,1.45948,1.53629,7.85064,5.66382,2.74486,12.4203
M012_LK_199209,12.4707,0.726563,10.2006,14.3651,13.1973,11.7441,4.661,1.60879,1.38278,8.72809,6.2698,3.05221,1.4725
M012_LK_199305,54.0565,0.7197,52.3018,55.803,54.7762,53.3368,10.2278,2.86935,5.22707,17.7546,13.0972,7.35845,34.5472
M012_LK_199306,97.033,0.738881,95.1684,99.0361,97.7719,96.2942,12.8888,3.19501,5.50155,21.3418,16.0838,9.69376,73.8267
M012_LK_199307,25.7946,0.733396,23.5691,27.4833,26.528,25.0612,6.51411,2.01611,3.18597,11.7125,8.53021,4.498,11.8566
M012_LK_199406,55.9332,0.710041,54.0416,57.8953,56.6432,55.2231,10.1828,3.03425,4.8288,16.822,13.217,7.14851,37.2196
M012_LK_199506,86.0236,0.721668,84.0541,87.6263,86.7453,85.3019,24.5539,6.07508,10.4618,38.3669,30.629,18.4788,45.6871
M012_LK_199507,84.9366,0.743488,82.8904,86.7371,85.6801,84.1931,12.873,3.53408,5.12074,24.6142,16.407,9.33887,58.2762
M012_LK_199508,21.5972,0.792213,19.2629,23.9587,22.3894,20.805,10.7172,3.13209,4.78005,18.2687,13.8492,7.58506,0.994168
M012_LK_199611,6.02615,0.711089,3.94534,7.70574,6.73724,5.31506,17.945,3.42068,11.33,27.3248,21.3657,14.5243,3.62422
M012_LK_199710,11.9269,0.69224,9.82397,13.4812,12.6192,11.2347,24.5283,4.81673,14.7843,37.3351,29.345,19.7115,1.30314
M012_LK_199711,6.97503,0.706506,5.38396,8.87223,7.68153,6.26852,18.4867,4.20247,10.1363,29.8765,22.6891,14.2842,1.2641
M012_LK_199809,5.02983,0.787391,3.20467,7.05544,5.81723,4.24244,15.7011,4.29223,7.098,27.3933,19.9933,11.4088,0.0425631
M012_LK_199810,5.36436,0.869523,2.30955,7.52365,6.23388,4.49483,20.1511,4.31523,11.5343,31.886,24.4663,15.8359,4.01066
M012_LK_199910,5.82743,0.75209,4.13962,7.87185,6.57952,5.07534,18.9292,5.3869,8.28119,32.3793,24.3161,13.5423,0.409338
M012_LK_199911,5.10441,0.717318,2.75726,7.61988,5.82173,4.38709,18.7785,5.29297,8.09899,32.1071,24.0715,13.4856,0.479112
M012_LK_200009,5.64979,0.701217,3.54214,7.91907,6.351,4.94857,20.494,5.85078,8.64261,34.1067,26.3448,14.6433,0.723536
M012_LK_200011,5.94827,0.800298,3.95887,7.74896,6.74856,5.14797,23.0265,5.80167,10.9395,37.2146,28.8281,17.2248,3.19051
M012_LK_200012,5.33358,0.76097,3.55172,7.45319,6.09455,4.57261,20.043,5.76589,8.5792,33.9678,25.8088,14.2771,1.12601
M012_LK_200103,7.47083,0.688312,5.77412,9.03273,8.15914,6.78252,22.7658,6.3022,9.82055,37.9766,29.068,16.4636,0.787824
M012_LK_200109,5.82031,0.731654,4.17015,8.32324,6.55196,5.08865,23.914,6.74633,9.54746,42.3146,30.6603,17.1676,1.22422
M012_LK_200111,4.94813,0.65267,3.32899,6.5373,5.6008,4.29546,25.9852,6.9414,9.50905,44.4273,32.9266,19.0438,2.97174
M012_LK_200112,5.90518,0.778565,4.18601,7.77442,6.68374,5.12661,23.5167,6.71599,9.4547,41.1273,30.2327,16.8007,1.68028
M012_LK_200203,6.99793,0.717622,5.25481,9.2298,7.71555,6.28031,24.2216,6.77874,9.83935,40.4769,31.0004,17.4429,0.609545
M012_LK_200212,6.1583,0.791478,4.55128,8.22697,6.94978,5.36683,22.0947,6.38303,8.96865,37.9521,28.4777,15.7117,0.741674
M012_LK_200301,6.20007,0.777684,4.18683,7.85151,6.97775,5.42239,22.2582,6.3592,9.11855,37.9155,28.6175,15.899,1.26704
M012_LK_200310,5.46764,0.785558,3.5602,7.49983,6.25319,4.68208,23.15,6.57345,9.19061,41.5232,29.7235,16.5766,1.69078
M012_LK_200312,5.97174,0.863275,3.1377,8.70116,6.83502,5.10847,23.1333,6.58127,9.18003,40.9392,29.7146,16.5521,0.47887
M012_LK_200403,6.86351,0.785337,4.90736,8.93013,7.64884,6.07817,24.3423,6.73516,9.71774,40.3418,31.0775,17.6071,0.787606
M012_LK_200408,7.25091,0.778651,5.22345,9.08381,8.02956,6.47225,23.5946,6.646,10.3857,42.8617,30.2406,16.9486,1.30187
M012_LK_200411,6.71637,0.699133,5.29719,8.36918,7.41551,6.01724,24.7566,7.03026,9.31481,45.2307,31.7868,17.7263,0.945629
M012_LK_200512,7.06496,0.742769,5.5287,8.75356,7.80773,6.32219,24.1383,6.8556,9.24815,45.5619,30.9939,17.2827,0.494594
M012_LK_200609,9.05276,0.708037,7.40838,10.7331,9.76079,8.34472,31.5904,7.89393,15.2439,51.3362,39.4843,23.6965,4.51074
M012_LK_200610,10.3932,0.654507,8.56084,12.1072,11.0477,9.73865,46.8728,11.0904,23.1131,80.3927,57.9632,35.7824,11.0058
M012_LK_200711,7.54139,0.812248,5.28692,9.48618,8.35364,6.72914,29.2708,14.3347,10.4733,140.227,43.6055,14.9361,0.987115
M012_LK_200806,74.0494,0.71863,72.2718,75.6004,74.768,73.3308,33.6192,9.02489,12.4162,58.7669,42.6441,24.5943,13.5049
M012_LK_200812,5.98173,0.767569,4.10338,7.7927,6.7493,5.21416,30.0538,18.4335,9.97847,147.756,48.4873,11.6203,2.18577
M012_LK_200909,6.81049,0.819852,5.12107,9.15673,7.63034,5.99064,31.611,17.2037,10.8104,160.775,48.8147,14.4073,1.65367
M012_LK_200911,5.89987,0.841813,2.82436,8.42857,6.74168,5.05806,31.8148,9.75215,11.1907,73.4927,41.5669,22.0626,2.76213
M012_LK_201005,12.9472,0.752441,11.1069,14.822,13.6997,12.1948,38.1806,10.6525,17.6328,71.481,48.8331,27.5281,2.81077
M012_LK_201011,7.32789,0.740592,5.63694,9.21916,8.06848,6.5873,28.9976,8.071,11.0863,49.5852,37.0685,20.9266,1.86717
M012_LK_201111,8.797,0.791137,6.87892,10.9834,9.58814,8.00587,30.3471,8.38931,11.3536,53.8691,38.7364,21.9578,0.370142
M012_LMG_199601,15.2784,8.2194,-3.49843,36.5848,23.4978,7.05896,109.016,31.7069,37.8669,203.487,140.723,77.3096,1.28205
M012_LMG_199608,19.9026,7.94064,-1.65076,40.0862,27.8433,11.962,119.397,33.2187,46.1422,215.691,152.615,86.1779,6.05594
M012_LMG_199609,19.0506,8.02131,0.0435992,38.6315,27.0719,11.0293,121.31,33.5127,46.8496,220.019,154.823,87.7972,8.2181
M012_LMG_199610,33.1833,7.95639,15.4685,63.8282,41.1396,25.2269,184.793,47.847,80.2884,324.822,232.64,136.946,16.4602
M012_LMG_199611,16.8782,7.42863,-6.99025,37.8197,24.3068,9.44952,130.108,34.6699,53.2601,232.028,164.778,95.4379,15.4404
M012_LMG_199701,15.5915,8.61278,-6.81249,41.6134,24.2043,6.97875,149.418,39.8189,55.0092,264.428,189.237,109.599,13.3958
M012_LMG_199702,17.0031,8.65824,-3.21108,37.0237,25.6613,8.34484,149.148,40.0915,54.6365,266.498,189.239,109.056,17.6128
M012_LMG_199703,18.9578,7.70048,0.38937,39.7208,26.6582,11.2573,140.739,37.799,53.9912,251.535,178.538,102.94,14.2704
M012_LMG_199704,25.9481,7.83592,2.41066,43.1586,33.784,18.1122,132.488,35.9432,51.4195,235.815,168.432,96.5451,8.26092
M012_LMG_199705,40.5165,7.72066,22.7807,63.7649,48.2371,32.7958,281.183,80.7107,114.725,508.776,361.894,200.473,50.9597
M012_LMG_199706,66.2935,8.09269,45.59,92.8228,74.3862,58.2008,289.583,89.6793,104.57,561.174,379.263,199.904,11.7473
M012_LMG_199708,35.9671,7.3212,14.5917,52.599,43.2883,28.6459,144.401,40.1038,58.1324,264.408,184.504,104.297,5.53337
M012_LMG_199710,32.0189,7.22323,10.7271,50.1931,39.2421,24.7957,186.607,49.5325,79.3106,317.769,236.14,137.075,29.1176
M012_LMG_199711,21.9016,8.71269,-4.35205,42.7393,30.6142,13.1889,153.837,43.548,61.4533,271.944,197.385,110.289,18.7141
M012_LMG_199712,16.691,7.23669,-3.42792,38.3115,23.9277,9.45432,149.494,43.3079,58.3106,267.7,192.802,106.186,19.9991
M012_LMG_199802,16.586,7.56843,0.711103,36.388,24.1544,9.01756,154.181,43.9538,60.152,274.391,198.135,110.228,23.764
M012_LMG_199803,18.5437,8.20962,-7.22681,39.6441,26.7533,10.3341,157.92,44.5254,61.8458,280.892,202.445,113.394,22.2017
M012_LMG_199804,22.5518,7.37432,0.57711,39.5768,29.9261,15.1775,158.338,44.6924,61.515,281.642,203.03,113.646,21.9382
M012_LMG_199805,39.3658,7.93991,15.7396,59.668,47.3057,31.4259,228.254,63.4911,89.3622,408.701,291.746,164.763,29.6942
M012_LMG_199806,37.5485,7.40023,20.7122,55.4533,44.9487,30.1482,243.605,73.6666,84.7239,449.029,317.271,169.938,29.2705
M012_LMG_199807,30.0511,9.07712,1.49669,49.19,39.1282,20.974,156.888,44.8869,60.8019,282.001,201.775,112.001,11.6119
M012_LMG_199808,18.7649,8.09499,-3.33237,39.6092,26.8599,10.67,155.703,44.6634,59.2923,277.827,200.367,111.04,19.6831
M012_LMG_199809,15.4298,7.33981,-6.04615,35.8431,22.7696,8.08995,154.659,44.1946,59.0068,273.822,198.854,110.465,23.1637
M012_LMG_199810,16.036,7.78923,-4.23861,35.2131,23.8253,8.24679,159.326,44.6395,63.3146,278.357,203.966,114.687,28.1015
M012_LMG_199811,18.2657,7.21528,1.0759,39.5176,25.481,11.0505,153.402,44.1989,58.204,271.958,197.601,109.203,18.6864
M012_LMG_199902,17.1799,7.76429,-2.89449,35.7754,24.9441,9.41557,174.959,48.1595,67.7157,307.368,223.119,126.799,31.9403
M012_LMG_199904,19.4383,7.65719,-4.86056,35.3983,27.0955,11.7811,152.915,43.8873,59.491,269.957,196.803,109.028,24.0927
M012_LMG_199906,35.3775,8.14535,10.2202,56.5607,43.5228,27.2321,466.262,139.463,171.194,864.41,605.725,326.799,114.633
M012_LMG_199908,33.4576,7.9172,13.0577,59.5342,41.3748,25.5404,195.666,58.8262,70.6907,343.956,254.492,136.839,11.1565
M012_LMG_199910,18.5626,8.06626,-3.14993,34.6501,26.6289,10.4963,186.629,55.9005,66.6238,327.912,242.53,130.729,31.9737
M012_LMG_199911,14.7452,7.65626,-2.788,42.2991,22.4015,7.08897,185.527,56.0123,64.2095,325.643,241.539,129.515,21.9104
M012_LMG_200004,24.8747,7.74385,1.06553,49.8278,32.6185,17.1308,199.888,58.8577,76.8569,341.954,258.746,141.03,27.0292
M012_LMG_200005,65.4264,6.74783,44.1582,86.5557,72.1743,58.6786,374.439,115.084,135.06,699.583,489.523,259.355,48.5038
M012_LMG_200006,26.4718,7.74529,7.54657,47.7108,34.217,18.7265,206.312,61.8751,66.9606,380.831,268.187,144.437,19.2498
M012_LMG_200007,22.546,7.14121,4.18429,42.865,29.6873,15.4048,199.041,59.6108,67.7853,347.054,258.652,139.43,24.9203
M012_LMG_200008,21.2858,8.32427,2.75815,48.6604,29.61,12.9615,199.738,60.4826,67.1058,348.828,260.22,139.255,18.4454
M012_LMG_200009,16.4317,7.53235,-4.01417,35.4209,23.964,8.8993,202.21,60.812,69.8103,349.722,263.022,141.398,34.3894
M012_LMG_200011,15.5116,8.37465,-7.36979,36.8285,23.8863,7.13698,201.626,60.6078,66.2289,351.063,262.234,141.018,29.4005
M012_LMG_200012,14.8311,8.30297,-8.0053,36.5273,23.134,6.5281,199.105,60.7754,67.0067,346.578,259.881,138.33,30.4793
M012_LMG_200103,20.1456,8.16788,-5.46406,40.274,28.3135,11.9778,225.585,64.5621,85.5463,380.07,290.147,161.023,45.2723
M012_LMG_200104,35.8517,7.71795,10.7417,61.0088,43.5696,28.1337,211.713,61.9384,80.526,356.303,273.651,149.775,19.5172
M012_LMG_200105,47.6736,7.87277,30.9739,72.8213,55.5464,39.8008,388.102,122.407,117.101,851.316,510.509,265.696,44.2796
M012_LMG_200106,35.5818,8.01379,15.9397,55.6683,43.5956,27.5681,302.276,92.3456,94.2564,621.15,394.622,209.93,38.5882
M012_LMG_200108,24.6474,7.61943,7.24091,41.1427,32.2668,17.028,234.251,70.8411,75.5472,449.215,305.092,163.41,34.4045
M012_LMG_200109,16.9715,7.94611,-8.95128,39.38,24.9176,9.02537,233.581,70.965,75.4491,446.574,304.546,162.616,36.0691
M012_LMG_200111,16.1933,7.86289,-5.13926,33.8606,24.0562,8.33041,231.058,70.7565,77.4164,429.183,301.814,160.301,43.5558
M012_LMG_200112,16.5282,8.04068,-4.06802,40.2905,24.5689,8.48754,230.188,71.7365,74.7785,429.052,301.925,158.452,34.488
M012_LMG_200203,17.4199,8.29691,-2.70593,35.9538,25.7168,9.12299,238.392,71.7173,89.1181,431.496,310.11,166.675,53.1643
M012_LMG_200204,24.653,9.13428,2.11279,47.559,33.7873,15.5187,224.788,69.1277,78.8475,417.746,293.916,155.66,31.2884
M012_LMG_200205,31.7023,7.60676,7.72221,56.8444,39.3091,24.0956,302.662,89.1138,103.852,544.576,391.776,213.548,47.0073
M012_LMG_200207,23.4409,7.7339,2.30264,42.9863,31.1748,15.707,226.226,68.7214,73.3445,410.446,294.948,157.505,30.3581
M012_LMG_200212,17.4631,7.83198,-5.61623,40.9455,25.2951,9.63116,217.975,67.8399,71.321,398.705,285.815,150.135,30.3755
M012_LMG_200301,17.0211,7.55815,-3.39249,34.4436,24.5792,9.4629,219.191,67.4117,75.2078,397.594,286.602,151.779,40.7642
M012_LMG_200304,19.7587,8.05552,-3.0715,35.945,27.8142,11.7032,221.591,66.9789,81.3625,395.628,288.57,154.612,45.4174
M012_LMG_200305,49.1612,7.46904,31.1333,68.8247,56.6302,41.6922,406.654,121.853,126.276,708.869,528.508,284.801,57.4512
M012_LMG_200306,30.3398,8.77767,10.409,54.9908,39.1175,21.5622,288.353,85.6959,89.0966,503.941,374.049,202.657,34.1057
M012_LMG_200307,23.9295,7.90377,7.55838,42.8339,31.8333,16.0257,230.907,70.7446,76.887,425.184,301.652,160.163,34.0531
M012_LMG_200310,16.3078,7.86217,-2.35244,39.1928,24.1699,8.4456,225.331,68.619,73.3718,411.783,293.95,156.712,34.179
M012_LMG_200312,16.1825,7.29795,-1.12572,40.3067,23.4804,8.88456,225.196,69.6479,72.4782,417.25,294.844,155.548,32.1716
M012_LMG_200403,17.5267,7.83394,-2.4377,36.4547,25.3607,9.6928,238.877,70.2479,91.1366,414.881,309.124,168.629,54.6819
M012_LMG_200405,52.4104,8.40933,30.9965,72.8827,60.8197,44.0011,445.175,131.806,154.778,838.404,576.981,313.369,81.8952
M012_LMG_200406,59.2405,7.73937,39.444,73.5832,66.9799,51.5011,245.635,74.3317,82.2946,470.285,319.967,171.303,8.71138
M012_LMG_200408,22.0945,7.37393,3.85728,46.6812,29.4684,14.7205,228.564,70.3341,76.8467,446.046,298.898,158.23,30.1655
M012_LMG_200411,19.995,8.16111,0.562228,37.5833,28.1561,11.8339,240.331,73.2015,77.0974,441.299,313.532,167.13,39.5141
M012_LMG_200505,36.4413,7.81141,17.3841,64.1362,44.2527,28.6299,404.607,122.263,127.827,769.712,526.87,282.343,63.6904
M012_LMG_200506,55.8446,7.56905,35.9267,76.1768,63.4136,48.2755,291.874,87.8787,100.071,558.391,379.753,203.996,23.8938
M012_LMG_200508,28.5921,8.02653,5.47521,49.9932,36.6186,20.5656,240.829,73.2853,77.4925,456.628,314.114,167.544,27.4994
M012_LMG_200512,21.5913,8.57746,-0.467061,41.345,30.1688,13.0138,234.09,71.3378,75.9731,446.223,305.428,162.752,34.6281
M012_LMG_200604,32.5994,7.2579,13.864,52.8656,39.8573,25.3415,244.333,71.5139,94.0066,441.004,315.847,172.819,41.141
M012_LMG_200605,74.1505,7.99096,54.1841,92.9967,82.1414,66.1595,433.735,186.355,150.442,1006.27,620.089,247.38,57.4451
M012_LMG_200609,28.191,8.08891,9.37689,49.1172,36.2799,20.1021,287.431,79.6551,117.821,482.64,367.086,207.775,68.704
M012_LMG_200610,32.0445,7.29164,12.825,58.4381,39.3361,24.7528,398.735,109.161,145.801,698.841,507.896,289.574,87.3629
M012_LMG_200704,25.3486,7.64163,6.08932,43.396,32.9902,17.707,233.266,69.9894,84.8844,426.135,303.255,163.276,41.4884
M012_LMG_200705,75.6544,7.77069,57.2436,96.4745,83.425,67.8837,707.671,230.233,232.096,1484.79,937.904,477.438,135.621
M012_LMG_200707,29.8034,7.98018,7.48981,45.4732,37.7836,21.8232,259.791,76.9089,97.4901,480.569,336.7,182.882,52.0169
M012_LMG_200711,23.9603,7.88708,5.08287,40.0081,31.8474,16.0732,277.797,134.484,104.816,1572.36,412.28,143.313,64.808
M012_LMG_200805,42.08,7.42315,22.8685,66.1511,49.5032,34.6569,393.742,118.264,134.643,722.298,512.006,275.478,68.4923
M012_LMG_200808,27.6709,7.38377,4.90459,43.9008,35.0546,20.2871,269.106,80.9456,91.8929,490.371,350.052,188.161,47.9921
M012_LMG_200812,20.2962,7.40205,0.0855967,37.3225,27.6983,12.8942,298.08,204.605,92.6458,1427.54,502.685,93.4745,55.3233
M012_LMG_200904,61.2713,7.92808,41.2719,82.199,69.1993,53.3432,260.815,78.3502,97.1094,458.53,339.165,182.465,14.9104
M012_LMG_200907,31.164,6.9433,15.4418,46.7099,38.1073,24.2207,286.341,85.8999,97.0074,546.279,372.241,200.442,50.2975
M012_LMG_200909,21.1125,8.22807,2.4969,41.4355,29.3406,12.8845,306.792,206.464,96.2926,2146.89,513.256,100.328,54.8571
M012_LMG_200911,20.589,8.20262,-1.30954,44.5485,28.7916,12.3864,307.311,106.074,100.598,757.872,413.385,201.238,56.0495
M012_LMG_201005,34.4866,7.99606,14.6935,55.1457,42.4826,26.4905,365.556,107.44,141.666,729.667,472.996,258.117,86.5206
M012_LMG_201006,97.7184,7.38958,80.5486,113.78,105.108,90.3288,414.926,126.611,147.63,740.873,541.537,288.315,33.8505
M012_LMG_201008,31.9233,8.03336,12.3432,52.6156,39.9567,23.89,284.793,81.8983,104.128,508.978,366.691,202.895,51.5123
M012_LMG_201011,22.3106,7.5993,1.84372,42.5566,29.9099,14.7113,279.427,81.1543,98.8494,492.181,360.582,198.273,56.2928
M012_LMG_201104,31.0492,8.15901,8.44398,52.7634,39.2082,22.8902,270.976,83.2432,99.5025,603.988,354.219,187.732,46.7391
M012_LMG_201106,175.251,8.26583,151.072,191.876,183.517,166.986,604.402,177.698,245.516,1095.79,782.101,426.704,53.64
M012_LMG_201108,27.342,7.89198,8.84873,56.7472,35.2339,19.45,304.226,93.6876,113.728,607.255,397.914,210.539,56.9811
M012_LMG_201111,23.6766,8.08799,5.11175,42.2381,31.7646,15.5886,291.136,83.2006,104.912,505.823,374.337,207.935,62.6739
M012_LNA_199609,18.4043,22.4486,-36.7976,66.4766,40.8529,-4.04428,339.309,116.747,89.4138,603.537,456.056,222.562,22.9372
M012_LNA_199610,31.5921,24.1662,-34.9978,97.5484,55.7584,7.42589,475.714,157.972,139.292,825.356,633.686,317.742,41.7433
M012_LNA_199611,16.8232,22.9081,-61.7006,71.4238,39.7313,-6.08485,354.362,120.798,95.9832,630.102,475.16,233.564,24.5594
M012_LNA_199701,16.1062,25.4927,-45.1593,96.0553,41.599,-9.38649,433.832,156.605,110.302,785.644,590.437,277.227,14.2466
M012_LNA_199702,16.8326,23.3819,-56.4396,93.1211,40.2145,-6.54938,432.392,156.482,108.98,812.66,588.874,275.911,15.8587
M012_LNA_199703,21.8072,24.1311,-35.7445,72.4663,45.9384,-2.32386,402.913,142.366,102.732,714.085,545.279,260.547,30.2662
M012_LNA_199704,27.0555,21.5612,-20.7487,73.1858,48.6167,5.49428,370.395,126.851,100.029,650.196,497.246,243.545,26.8427
M012_LNA_199705,38.5795,23.5121,-18.6886,104.071,62.0916,15.0673,609.78,187.363,163.124,1041.58,797.144,422.417,59.053
M012_LNA_199706,62.4577,23.511,-2.55479,132.889,85.9687,38.9466,623.217,193.085,162.086,1100.65,816.302,430.131,29.1963
M012_LNA_199708,33.061,21.3103,-39.0858,104.748,54.3713,11.7507,383.047,127.171,111.105,665.246,510.219,255.876,6.35626
M012_LNA_199709,40.2769,22.0133,-30.166,106.344,62.2902,18.2635,401.551,137.26,110.868,693.613,538.81,264.291,4.52389
M012_LNA_199710,26.6027,22.7426,-27.1837,90.1789,49.3453,3.86013,458.544,150.451,141.749,775.483,608.996,308.093,51.5696
M012_LNA_199711,19.8602,24.0136,-55.5262,74.9619,43.8738,-4.15346,401.131,137.497,111.534,691.236,538.629,263.634,36.5723
M012_LNA_199712,13.2292,23.0294,-75.391,63.4383,36.2586,-9.80023,396.886,137.456,107.421,694.326,534.341,259.43,43.9829
M012_LNA_199802,16.3144,22.7013,-26.5505,72.8434,39.0157,-6.38682,415.27,144.662,111.252,723.717,559.933,270.608,38.409
M012_LNA_199803,17.0824,24.3933,-43.0291,79.2932,41.4757,-7.31094,429.649,150.09,114.809,750.788,579.739,279.558,35.516
M012_LNA_199804,22.2433,22.7379,-36.382,104.034,44.9812,-0.49456,432.062,150.878,115.247,762.859,582.94,281.184,11.2135
M012_LNA_199805,39.4186,22.905,-7.09803,123.104,62.3236,16.5135,533.399,169.803,148.661,928.159,703.202,363.596,25.5572
M012_LNA_199806,39.2205,22.8656,-45.981,98.5495,62.0861,16.3549,553.614,174.149,154.152,989.063,727.764,379.465,55.6024
M012_LNA_199807,27.6081,20.5359,-33.7242,84.7219,48.144,7.07214,411.671,139.352,117.665,719.729,551.022,272.319,32.9426
M012_LNA_199808,18.3267,23.5205,-45.3164,78.9967,41.8472,-5.19375,409.441,138.586,117.205,712.859,548.027,270.855,38.2085
M012_LNA_199809,14.0909,23.6519,-54.0331,78.7689,37.7429,-9.56101,408.002,138.024,115.759,706.108,546.026,269.978,36.9898
M012_LNA_199810,11.625,22.3007,-43.7864,68.533,33.9257,-10.6757,412.871,139.258,119.503,713.372,552.129,273.614,50.9696
M012_LNA_199811,18.3555,22.6574,-43.5636,70.3949,41.0128,-4.30191,404.897,138.167,113.417,703.47,543.064,266.73,43.0222
M012_LNA_199902,19.2089,23.8614,-40.3359,81.9404,43.0703,-4.65244,486.785,171.892,131.529,864.004,658.677,314.893,49.5882
M012_LNA_199904,16.1256,23.8216,-41.6522,72.2247,39.9472,-7.69604,407.731,139.421,113.603,714.662,547.152,268.31,41.3783
M012_LNA_199906,39.5802,23.5692,-13.6805,93.2588,63.1494,16.011,973.436,304.069,233.031,1775.1,1277.51,669.368,139.772
M012_LNA_199908,33.2548,21.0613,-25.7261,97.2881,54.316,12.1935,496.189,174.561,136.591,878.056,670.75,321.628,39.3028
M012_LNA_199910,13.1931,23.8107,-61.4885,69.8538,37.0039,-10.6176,478.807,169.229,137.51,851.965,648.036,309.579,67.6562
M012_LNA_199911,15.4275,23.4317,-46.3444,83.6572,38.8591,-8.0042,474.219,165.789,130.522,845.614,640.008,308.43,46.8644
M012_LNA_200004,24.4251,22.7,-32.0295,102.037,47.1251,1.72513,525.495,185.977,141.614,884.193,711.473,339.518,39.5776
M012_LNA_200005,70.0331,24.5367,16.9289,151.392,94.5698,45.4963,805.803,269.038,191.204,1574.7,1074.84,536.766,39.8117
M012_LNA_200006,27.1542,24.1096,-56.4085,104.625,51.2638,3.04458,521.333,179.713,146.403,912.149,701.046,341.619,41.7773
M012_LNA_200007,18.5325,22.0105,-40.2038,71.6089,40.543,-3.47791,505.98,176.415,145.625,897.817,682.395,329.565,74.0164
M012_LNA_200008,22.3208,22.3781,-41.179,80.5957,44.6989,-0.0572444,504.896,174.814,144.347,904.625,679.709,330.082,63.7511
M012_LNA_200009,19.1113,22.0784,-48.3702,79.473,41.1898,-2.96708,514.486,178.14,144.306,974.528,692.626,336.345,64.8328
M012_LNA_200011,14.7634,23.0232,-39.5704,72.5445,37.7866,-8.25984,504.178,175.49,144.4,919.328,679.668,328.688,71.8555
M012_LNA_200012,16.4094,20.5876,-32.6309,70.9755,36.997,-4.17823,503.191,175.975,141.706,916.55,679.166,327.216,70.7306
M012_LNA_200103,21.1818,22.5412,-34.869,71.8344,43.723,-1.3594,602.605,213.887,163.168,1020.6,816.492,388.718,91.3331
M012_LNA_200104,37.2981,25.063,-22.4651,90.8803,62.3611,12.2351,551.661,194.141,152.434,952.011,745.802,357.52,61.5535
M012_LNA_200105,55.6288,19.4658,5.30196,104.593,75.0946,36.163,824.185,272.357,190.895,1702.64,1096.54,551.828,86.3014
M012_LNA_200106,43.0328,22.9577,-8.98037,111.918,65.9905,20.075,694.704,227.956,190.757,1460.95,922.66,466.748,78.839
M012_LNA_200108,21.2352,25.9913,-58.1554,80.9241,47.2265,-4.75614,574.424,200.325,152.637,1154.73,774.75,374.099,71.7127
M012_LNA_200109,15.172,22.0738,-35.961,88.2173,37.2458,-6.90186,578.348,198.961,150.063,1168.45,777.31,379.387,61.8452
M012_LNA_200111,14.0913,23.1061,-44.9774,79.5808,37.1974,-9.01484,562.628,195.463,150.786,1145.68,758.091,367.164,71.2048
M012_LNA_200112,13.8216,23.4021,-50.5657,90.3267,37.2237,-9.58048,564.774,199.773,148.106,1148.88,764.547,365.002,57.7795
M012_LNA_200203,16.9062,24.2658,-43.5625,74.2811,41.172,-7.35958,606.013,213.033,158.18,1162.17,819.046,392.98,83.8991
M012_LNA_200204,24.26,22.2452,-52.4196,81.0356,46.5051,2.01481,557.731,195.795,145.15,1118.3,753.526,361.936,64.1148
M012_LNA_200205,33.9297,25.4962,-36.3514,91.1894,59.4259,8.43351,702.855,234.621,170.918,1399.54,937.476,468.233,79.729
M012_LNA_200207,20.4183,22.3186,-31.1326,76.7553,42.7369,-1.90023,565.648,196.481,169.352,1127.11,762.129,369.166,92.5969
M012_LNA_200212,14.7666,24.9818,-47.749,76.1392,39.7484,-10.2152,541.445,192.085,143.806,1086.7,733.53,349.36,67.6671
M012_LNA_200301,17.3528,23.28,-36.0565,83.5737,40.6328,-5.92724,551.311,195.032,144.468,1093.03,746.343,356.279,60.8948
M012_LNA_200304,19.5049,21.7902,-32.1256,82.7237,41.2951,-2.28529,566.958,200.514,147.514,1085.69,767.472,366.445,64.7901
M012_LNA_200305,56.7973,22.6851,-8.37392,111.324,79.4825,34.1122,888.215,288.631,195.028,1700.04,1176.85,599.584,83.7047
M012_LNA_200306,31.1818,22.1646,-25.896,94.5457,53.3464,9.0173,677.802,224.607,168.446,1318.34,902.41,453.195,73.9002
M012_LNA_200307,23.0526,22.7991,-31.051,73.1077,45.8517,0.253559,571.092,198.31,148.32,1136.35,769.402,372.782,75.2128
M012_LNA_200310,16.2206,21.1518,-52.2075,71.987,37.3724,-4.93114,559.615,192.826,147.043,1117.8,752.441,366.788,75.0559
M012_LNA_200312,16.3856,22.1335,-37.7947,85.6523,38.5191,-5.74795,556.815,195.595,145.926,1134.95,752.41,361.22,60.2739
M012_LNA_200403,17.6123,24.1634,-36.4346,77.283,41.7757,-6.55109,622.471,217.667,159.72,1150.37,840.138,404.803,82.4367
M012_LNA_200405,57.5687,21.6026,1.00097,112.978,79.1713,35.9661,973.648,321.731,202.343,1999.65,1295.38,651.917,89.3652
M012_LNA_200406,67.3553,21.2835,21.7144,120.03,88.6387,46.0718,600.96,206.192,169.895,1214.2,807.153,394.768,49.8655
M012_LNA_200408,22.4047,25.1588,-34.0079,89.7727,47.5635,-2.75409,567.941,196.789,146.284,1160.99,764.73,371.152,56.5118
M012_LNA_200411,22.1267,21.2118,-30.314,93.6848,43.3384,0.914888,586.64,202.445,148.25,1188.85,789.085,384.194,54.5657
M012_LNA_200505,36.6977,21.4532,-18.8388,86.6152,58.1509,15.2446,893.233,293.971,198.02,1877.07,1187.2,599.261,111.405
M012_LNA_200506,54.4978,22.6679,1.16703,109.36,77.1657,31.8299,691.85,235.045,173.624,1446.83,926.895,456.805,64.2639
M012_LNA_200508,27.2377,25.356,-36.4099,91.0042,52.5937,1.88166,599.132,203.353,159.085,1287.49,802.485,395.779,68.0803
M012_LNA_200512,20.5206,21.2315,-37.3031,73.4347,41.752,-0.710929,577.912,201.052,145.346,1192.1,778.965,376.86,71.9109
M012_LNA_200604,29.4416,21.6483,-30.253,80.9126,51.09,7.79332,631.148,217.3,155.656,1203.55,848.448,413.847,74.7431
M012_LNA_200605,75.1185,21.449,28.1457,142.996,96.5675,53.6695,995.579,491.813,176.395,2442.93,1487.39,503.767,33.399
M012_LNA_200609,26.2885,22.5982,-20.9901,112.151,48.8867,3.69039,782.266,274.914,190.338,1366.42,1057.18,507.352,78.1878
M012_LNA_200610,29.7226,25.5184,-44.2752,108.489,55.241,4.20424,1197.97,473.565,283.355,2188.4,1671.54,724.404,174.867
M012_LNA_200704,22.638,23.5499,-31.2883,88.0281,46.1879,-0.911952,597.406,208.136,146.104,1164.3,805.542,389.27,58.0758
M012_LNA_200705,77.1582,22.1406,17.4898,133.163,99.2987,55.0176,1970.13,775.425,405.44,3788.3,2745.55,1194.7,272.276
M012_LNA_200707,25.9993,20.5665,-28.8733,89.6989,46.5658,5.43289,666.089,230.077,164.43,1294.36,896.166,436.011,74.7308
M012_LNA_200711,23.873,21.2778,-44.3235,78.5501,45.1508,2.59516,712.259,295.149,167.264,2734.22,1007.41,417.111,88.7143
M012_LNA_200805,41.0548,23.8685,-21.4765,106.711,64.9232,17.1863,928.916,310.706,189.93,1906,1239.62,618.21,83.2189
M012_LNA_200808,26.4545,22.4968,-39.8588,89.0887,48.9513,3.95774,698.972,247.505,168.132,1357.79,946.478,451.467,79.0433
M012_LNA_200812,16.5217,22.7026,-40.8175,81.934,39.2243,-6.18094,741.866,410.838,160.81,3594.54,1152.7,331.028,78.8761
M012_LNA_200904,62.9611,21.3074,10.2376,126.872,84.2685,41.6537,699.283,247.028,186.216,1274.56,946.311,452.255,59.3433
M012_LNA_200907,32.3793,23.8968,-23.1292,100.655,56.2761,8.48255,743.317,259.312,175.628,1481.24,1002.63,484.005,74.9729
M012_LNA_200909,20.5011,22.7459,-43.7834,78.9075,43.247,-2.24475,809.725,563.011,181.244,5042.67,1372.74,246.714,102.337
M012_LNA_200911,17.2805,22.5535,-40.185,74.217,39.834,-5.27301,843.222,331.448,223.63,2226.56,1174.67,511.775,149.413
M012_LNA_201005,38.8173,24.1465,-20.2159,99.1459,62.9638,14.6709,947.553,334.9,230.99,1962.43,1282.45,612.653,131.844
M012_LNA_201006,108.677,21.4519,46.981,167.281,130.129,87.2249,1044.77,386.576,219.565,2340.77,1431.34,658.19,52.2838
M012_LNA_201008,36.2635,25.5308,-29.7749,105.422,61.7943,10.7327,772.824,276.57,190.969,1435.26,1049.39,496.254,85.5471
M012_LNA_201011,22.1183,22.8309,-33.3748,93.9306,44.9491,-0.712607,766.415,267.32,209.981,1428.43,1033.74,499.095,116.051
M012_LNA_201104,40.1229,21.5366,-15.7038,101.969,61.6595,18.5863,747.718,275.847,207.175,1951.36,1023.56,471.871,105.206
M012_LNA_201108,33.7081,21.6207,-34.5797,96.7176,55.3287,12.0874,826.557,294.942,225.663,1541.83,1121.5,531.615,128.945
M012_LNA_201111,27.235,21.4544,-25.3699,81.6541,48.6894,5.7806,804.718,285.443,213.693,1530.48,1090.16,519.275,132.039
M012_LSO4_199204,2999.24,152.79,2548.91,3366.3,3152.03,2846.45,1218.12,380.166,520.318,2254.6,1598.29,837.957,294.306
M012_LSO4_199207,2958.67,166.431,2413.67,3364.54,3125.11,2792.24,1212.12,418.688,403.443,2238.7,1630.81,793.43,174.971
M012_LSO4_199506,4476.27,163.28,4022.89,4897.32,4639.55,4312.99,9184.45,1872.68,4926.85,12721.6,11057.1,7311.77,29.5345
M012_LSO4_199605,2577.71,151.247,2219.61,2926.5,2728.96,2426.47,6133.76,1360.77,3007.78,10211.1,7494.53,4772.99,81.2849
M012_LSO4_199705,1572.47,158.475,1198.8,1952.26,1730.95,1414,7455.41,2054.3,2616.42,12280.5,9509.71,5401.11,664.162
M012_LSO4_199706,2320.51,162.237,1921.59,2770.47,2482.74,2158.27,10331.3,2183.95,5371.11,16293.6,12515.3,8147.38,2600.64
M012_LSO4_199805,1494.13,161.963,1041.48,1894.91,1656.09,1332.17,5649.91,1527.29,2004.24,9098.51,7177.2,4122.63,109.33
M012_LSO4_199806,1449.48,179.68,938.706,1850.24,1629.16,1269.8,6875.92,1736.8,2908.87,11665.8,8612.72,5139.13,1058.63
M012_LSO4_199906,1433.92,164.735,1081.11,2028.2,1598.65,1269.18,14600.4,3470.08,6590.19,22915.9,18070.5,11130.3,4561.99
M012_LSO4_200005,2468.45,157.312,1974.36,2938.73,2625.77,2311.14,10263.3,2718.67,4000.27,17673,12981.9,7544.59,1061.53
M012_LSO4_200105,2009.34,153.278,1565.33,2304.41,2162.62,1856.06,9241.55,2812.49,2781.41,16747,12054,6429.06,477.001
M012_LSO4_200106,1603.61,151.287,1214.84,1910.37,1754.9,1452.33,8835.72,2076.39,4175.23,13995.5,10912.1,6759.32,2264.86
M012_LSO4_200205,1443.31,151.231,1069.45,1822.12,1594.54,1292.08,7427.25,2060.21,2730.09,12266.3,9487.46,5367.05,907.969
M012_LSO4_200305,2052.94,156.649,1513.3,2448.82,2209.59,1896.3,10903.4,2952.27,4395.13,18117.9,13855.7,7951.17,1946.31
M012_LSO4_200306,1410.47,164.665,972.664,1829.75,1575.13,1245.8,6447.12,1940.73,2143.39,11380.7,8387.85,4506.4,313.633
M012_LSO4_200406,2311.94,154.37,1870.82,2721.73,2466.32,2157.57,7315.61,1592.74,3720.06,11336.4,8908.35,5722.87,998.323
M012_LSO4_200505,1579.46,169.499,1196.98,1999.08,1748.96,1409.96,10787,2927.78,4305.09,18013.5,13714.8,7859.23,2306.01
M012_LSO4_200506,2076.28,162.173,1712.94,2597.97,2238.46,1914.11,8603.01,1947.42,4187.99,13648.2,10550.4,6655.59,1590.02
M012_LSO4_200605,2582.26,171.838,2090.55,2966.83,2754.1,2410.42,11879.1,3899.44,4739.97,24556.3,15778.6,7979.69,1773.15
M012_LSO4_200610,1542.05,161.407,1109.62,1897.62,1703.45,1380.64,7035.68,2044.55,2353.15,11682.2,9080.23,4991.13,455.535
M012_LSO4_200705,2606.03,155.108,2193.38,2970.92,2761.14,2450.92,14594.8,4760.96,4472.6,26915.5,19355.7,9833.81,1501.68
M012_LSO4_200805,1768.41,173.456,1213.13,2113.87,1941.86,1594.95,8393.62,2749.39,2435.36,15333.3,11143,5644.23,321.491
M012_LSO4_200806,4277.56,165.437,3934.83,4755.8,4443,4112.12,9904.88,2077.18,5182.36,15034.5,11982.1,7827.7,426.56
M012_LSO4_200909,1189.9,157.72,725.181,1596.68,1347.62,1032.19,6226.93,5173.85,1614.15,37166.8,11400.8,1053.09,17.4711
M012_LSO4_200911,1112.51,144.324,755.763,1481.99,1256.83,968.182,5693.12,1922.4,1590.95,10943,7615.52,3770.71,108.957
M012_LSO4_201005,1877.4,161.913,1390.52,2251.75,2039.31,1715.49,8292.33,2294.11,3060.57,14022.7,10586.4,5998.22,808.823
M012_LSO4_201106,6033.21,166.967,5555.67,6513.01,6200.18,5866.24,16822.7,4457.42,7127.46,26696.8,21280.1,12365.3,614.452
M075_LCA_199203,90649.3,2157.06,85412.1,96349.8,92806.4,88492.3,44392.2,7110.8,29605.8,73642.2,51503,37281.4,11770
M075_LCA_199205,197623,2054.1,192317,203292,199677,195569,39817.7,8121.89,26439.6,77629.2,47939.6,31695.8,114687
M075_LCA_199208,91290.1,2071.76,86073.2,98442.5,93361.9,89218.4,30667.9,6867.71,18819,58227.5,37535.6,23800.2,27845.8
M075_LCA_199211,70009.6,1983.73,64124.5,75334.1,71993.3,68025.9,33651.8,6009.19,22607.1,58528.8,39661,27642.6,5595.68
M075_LCA_199303,125581,1993.73,119923,131839,127575,123587,54827.4,7872.99,37907.4,87471.9,62700.4,46954.4,32450.8
M075_LCA_199305,230365,2027.99,224933,239280,232393,228337,85117,16242.3,60355.8,161784,101359,68874.7,63148.7
M075_LCA_199309,203265,2070.66,196913,208786,205335,201194,34992.1,7557.94,20799.2,70088.4,42550,27434.1,126825
M075_LCA_199411,93700.8,1953.34,88298.2,98242.6,95654.1,91747.4,35249.1,5463.54,23632.9,57429.8,40712.7,29785.6,30868.4
M075_LCA_199501,76373.9,2074.85,69818.6,81837.6,78448.8,74299.1,31093.2,5552.52,18346,53930.8,36645.7,25540.7,15887.8
M075_LCA_199502,117326,2152.46,111347,123461,119479,115174,56525.8,7571.37,39579,86525.1,64097.2,48954.5,24822.1
M075_LCA_199504,117652,2037.29,113071,124810,119690,115615,45368.5,7155.53,31133.8,74902,52524,38212.9,38169
M075_LCA_199505,134933,1894.79,130680,140783,136828,133039,48302.6,8782.35,32985.6,80205,57085,39520.3,50475
M075_LCA_199506,359925,2255.52,354660,365976,362180,357669,106113,16183.1,74138,172440,122296,89929.5,182220
M075_LCA_199508,114003,2008.83,108401,118971,116012,111994,47538.8,7338.47,30846.6,73704.5,54877.3,40200.3,34696.2
M075_LCA_199509,76991.5,2123.25,70288.5,82935.4,79114.7,74868.3,41372.1,7034.8,25356.3,67155,48406.9,34337.3,3133.49
M075_LCA_199510,90765,1902.73,86953.1,96838.5,92667.7,88862.2,39984.6,6623.66,25176.5,65448.7,46608.3,33360.9,21504.4
M075_LCA_199609,19065.1,2138.33,13902.3,24100,21203.4,16926.8,42230.4,6032.51,27126.3,64370.7,48262.9,36197.9,3026.33
M075_LCA_199610,109825,2094.37,104807,117549,111920,107731,49224.5,7179.09,31403.5,72915.3,56403.6,42045.4,31891.8
M075_LCA_199712,87448.8,2007.45,82059.8,92231.6,89456.2,85441.3,47279.1,7047.71,29886,76447,54326.8,40231.4,5612.79
M075_LCA_199805,241233,2096.08,235884,245933,243329,239137,52770.9,6849.12,34526.7,77721.7,59620,45921.8,158162
M075_LCA_199906,310041,1984.69,303474,314578,312026,308056,82667.9,11710.3,51555.4,119656,94378.2,70957.6,183818
M075_LCA_199907,269381,1928.32,263167,273514,271309,267452,64031.6,9440.48,42047.9,94412.6,73472.1,54591.1,168754
M075_LCA_199908,245532,1989.45,240068,251154,247522,243543,61195.3,7772.5,42252.6,89846,68967.8,53422.8,150222
M075_LCA_199912,78198.4,2153.37,72276.2,83229,80351.8,76045,42802.1,6466.06,27142.9,66264.7,49268.1,36336,6011.54
M075_LCA_200004,101366,2194.29,95068.8,105661,103560,99171.7,72575.3,8177.66,52989.7,91245.5,80753,64397.6,3823.3
M075_LCA_200011,77145.6,2073.95,70539.7,82649.1,79219.6,75071.7,36849.5,5795.56,22823.3,58794.7,42645.1,31054,11745
M075_LCA_200104,114486,2121.14,108466,120338,116607,112365,53107.9,7530.31,36112.8,82717.9,60638.3,45577.6,25747.7
M075_LCA_200207,2466.52,2322.54,-4014.36,10203.9,4789.06,143.988,41644.4,5603.77,27752.4,61105.9,47248.1,36040.6,17548.5
M075_LCA_200305,139165,2021.16,132195,143761,141186,137144,56442.8,7276.26,39716.6,81608.4,63719.1,49166.6,50587
M075_LCA_200307,24796.5,2150.94,18499.1,30195.2,26947.5,22645.6,48557.6,6218.78,34737.1,71507.9,54776.4,42338.8,4541.91
M075_LCA_200403,103310,2089.78,98759,109534,105399,101220,55931.9,8052.75,39021.8,85147.7,63984.6,47879.1,13611.3
M075_LCA_200407,112829,1914.42,107791,118060,114743,110914,40819.2,6407.56,25496.3,62789.1,47226.7,34411.6,45001.7
M075_LCA_200501,89000.7,2190.4,83863.3,95342,91191.1,86810.3,47282.5,6639.61,31451.9,70847.3,53922.1,40642.9,13016
M075_LCA_200906,150696,2172.91,145493,157774,152869,148523,87899,12320.1,60275.9,136618,100219,75578.9,8874.47
M075_LCL_200207,840.575,276.945,54.0576,1542.74,1117.52,563.63,19202.8,4872.59,6421.7,31696.3,24075.4,14330.2,4878.96
M075_LCO3_199201,5828.77,182.917,5330.82,6366.09,6011.69,5645.85,2670.29,154.387,2087.04,2843,2824.68,2515.91,2487.82
M075_LCO3_199203,9932.39,175.516,9546.32,10404.7,10107.9,9756.87,1542.63,74.3674,1128.46,1702.09,1617,1468.26,7844.23
M075_LCO3_199205,26581.1,194.18,26136.1,27201.9,26775.3,26386.9,4998.98,137.743,4525.35,5275.51,5136.73,4861.24,20860.6
M075_LCO3_199208,11083.5,183.474,10652.4,11635,11267,10900.1,3524.82,93.6752,2749.48,3678.81,3618.49,3431.14,6973.55
M075_LCO3_199211,6298.33,180.343,5918.3,6828.91,6478.67,6117.99,10562,125.204,10175.4,10781.4,10687.2,10436.8,3346.53
M075_LCO3_199303,12460.8,166.954,12055.3,12887.5,12627.8,12293.9,3399.46,59.9546,3020.13,3653.64,3459.41,3339.5,8401.7
M075_LCO3_199305,28431.1,186.603,27880.8,28908.4,28617.7,28244.5,13313.5,112.637,12916.2,13565.4,13426.2,13200.9,14315.4
M075_LCO3_199309,23201.4,167.524,22804.1,23610.7,23368.9,23033.9,6200.87,120.601,5475.61,6404.44,6321.47,6080.27,16399.7
M075_LCO3_199411,7006.79,178.826,6606.82,7523.73,7185.61,6827.96,3884.83,98.4653,3332.52,4173.05,3983.3,3786.37,2433.77
M075_LCO3_199501,5358.12,161.617,4927.7,5747.75,5519.73,5196.5,3493.95,63.765,3174.12,3698.78,3557.71,3430.18,1228.93
M075_LCO3_199502,9144.72,187.11,8627.12,9649.11,9331.83,8957.61,4372.3,138.151,4008.31,4706.02,4510.45,4234.15,3921.1
M075_LCO3_199504,10134.4,183.065,9667.52,10646.6,10317.4,9951.3,4029.09,83.975,3676.01,4282.09,4113.06,3945.11,5385.42
M075_LCO3_199505,12567.6,159.712,12171,12988.9,12727.4,12407.9,5514.04,65.5472,5127.48,5670.17,5579.59,5448.49,6500.85
M075_LCO3_199506,40500.9,195.65,39933.5,40978.2,40696.5,40305.2,22176.9,241.548,21334.7,22655.6,22418.4,21935.3,17277.9
M075_LCO3_199508,10470.2,184.697,9874.24,11014,10654.9,10285.5,6115.48,136.882,5310.2,6412.94,6252.36,5978.6,3461.3
M075_LCO3_199509,6300.46,181.744,5807.96,6694.45,6482.21,6118.72,5097.58,108.153,4332.98,5378.2,5205.73,4989.43,429.756
M075_LCO3_199510,6864.68,183.854,6312,7383.28,7048.53,6680.83,10133.6,134.239,9684.61,10423.4,10267.9,9999.38,2301.33
M075_LCO3_199609,1247.28,202.384,660.54,1840.89,1449.67,1044.9,6202.54,364.707,5010.82,6838.78,6567.25,5837.83,3169.93
M075_LCO3_199610,7121.58,184.921,6618.32,7612.67,7306.5,6936.66,12325.8,512.377,10960.1,13387.1,12838.2,11813.4,3347.45
M075_LCO3_199805,17677.1,173.395,17304.5,18116.9,17850.5,17503.7,7096.54,267.072,6420.91,7874.09,7363.61,6829.47,9430.44
M075_LCO3_199906,22145,171.219,21717.2,22589.9,22316.2,21973.8,15071.9,527.004,13491.5,15756.4,15598.9,14544.9,5960.77
M075_LCO3_199907,18730.2,183.222,18200.9,19164,18913.4,18547,6991.5,367.352,5649.99,7529.53,7358.86,6624.15,10671.4
M075_LCO3_199908,16378.1,175.485,15954.1,16812.5,16553.6,16202.6,7600.19,853.389,5271.71,9033.84,8453.58,6746.8,6920.26
M075_LCO3_200007,1567.77,188.643,944.432,1974.25,1756.41,1379.12,5473.09,695.402,2425.04,6700.61,6168.49,4777.68,450.788
M075_LCO3_200108,3294.22,171.84,2718.89,3767.11,3466.06,3122.38,5491.73,1221.57,4409.33,10322.2,6713.3,4270.16,642.227
M075_LCO3_200205,1903.73,178.702,1472.13,2345.14,2082.44,1725.03,4914.52,1352.32,3587.41,9216.97,6266.84,3562.2,1242.27
M075_LCO3_200207,73.6619,201.014,-476.311,546.446,274.676,-127.352,2362.95,999.692,1397.04,5476.89,3362.65,1363.26,850.594
M075_LCO3_200305,5758.07,176.638,5203.13,6199.61,5934.71,5581.43,9776.58,277.79,9009.44,10694.7,10054.4,9498.79,2809.83
M075_LCO3_200307,898.662,206.784,304.825,1443.13,1105.45,691.878,3232.59,455.068,2477.92,3981.13,3687.66,2777.52,1034.79
M075_LCO3_200408,713.091,175.292,333.596,1166.21,888.383,537.799,3393.27,501.814,2407.12,4273.26,3895.08,2891.46,1240.91
M075_LCO3_200508,1709.13,183.287,1284.27,2322.23,1892.41,1525.84,4795.77,788.016,3446.93,8640.71,5583.78,4007.75,1124.7
M075_LCO3_200607,1464.62,169.739,1090.31,1934.08,1634.35,1294.88,6223.26,696.408,5385.43,8731.93,6919.67,5526.86,3451.35
M075_LCO3_200609,2291.4,196.839,1871.6,2750.98,2488.23,2094.56,8938.13,817.832,5368.4,12070.3,9755.96,8120.3,2617.41
M075_LCO3_200611,1984.44,177.298,1517.06,2396.96,2161.73,1807.14,4817.73,1096.39,2867.74,7873.74,5914.12,3721.34,470.777
M075_LCO3_200707,1646.16,178.961,1230.25,2126.25,1825.12,1467.2,9805.81,1245.03,6733.97,12858.2,11050.8,8560.78,4607.72
M075_LCO3_200810,1277.36,185.963,742.627,1696.31,1463.33,1091.4,17650.4,1729.82,14190.3,22114.3,19380.2,15920.6,12493.9
M075_LCO3_200812,1158.81,179.684,649.92,1734.55,1338.49,979.125,8061.31,1455.08,5422.3,12156.5,9516.39,6606.23,3687.75
M075_LCO3_200902,1200.18,190.096,612.645,1660.21,1390.28,1010.09,6609.16,1348.84,4092.64,10849.3,7958.01,5260.32,2432.43
M075_LCO3_200904,2363.41,190.378,1867.05,2866.51,2553.79,2173.03,8096.67,1356.66,5779.57,12908.4,9453.33,6740,2913.06
M075_LCO3_200906,3437.87,185.168,3018.86,4045.61,3623.03,3252.7,20288.3,2015.63,16165.7,27347.7,22303.9,18272.7,12120.1
M075_LCO3_200912,873.112,185.355,320.731,1363.28,1058.47,687.757,7249.79,964.476,5663,10393.2,8214.27,6285.32,4299.72
M075_LCO3_201005,3496.3,184.133,3041.15,4004.35,3680.43,3312.16,16629.2,1351.91,14168,21596.1,17981.1,15277.3,10163.7
M075_LCO3_201007,1124.83,170.886,744.253,1591.87,1295.72,953.947,11703.9,1163.92,8669.51,16083.5,12867.8,10540,7077.65
M075_LCO3_201111,932.104,172.519,424.31,1428.34,1104.62,759.585,9309.79,726.859,6551.63,11066,10036.6,8582.93,5123.29
M075_LHCO3_199201,120007,5385.54,104745,134260,125393,114622,52190.8,11800.4,23578.2,90963.5,63991.1,40390.4,13781.9
M075_LHCO3_199203,188639,5653.27,174909,205468,194292,182986,66040.7,15208.6,28506.6,110302,81249.4,50832.1,64607
M075_LHCO3_199205,459442,5007.07,446837,471995,464449,454435,63576.2,14224.2,30586,110717,77800.5,49352,336120
M075_LHCO3_199208,213101,5624.56,198524,225212,218725,207476,49403.6,11569.3,21645.9,85237.7,60972.9,37834.3,113286
M075_LHCO3_199211,144371,5833.76,128813,160218,150204,138537,47413.4,10879.3,21246.7,83852.7,58292.7,36534.1,44960.8
M075_LHCO3_199303,268177,5790.52,250523,282909,273968,262386,80797.4,18362.9,36016.7,131181,99160.3,62434.5,119341
M075_LHCO3_199305,536479,4973.44,525698,547422,541452,531505,136635,31298.2,67547.4,235662,167934,105337,290036
M075_LHCO3_199309,500390,5480.8,484502,513464,505871,494909,75195.2,18465.7,32516.4,142405,93661,56729.5,342096
M075_LHCO3_199411,200676,5097.9,186440,213063,205774,195578,59944.6,14341.3,25701.4,114391,74285.9,45603.3,72049.2
M075_LHCO3_199501,153333,5534.68,137308,165338,158868,147798,61704.7,14864.8,26840,117741,76569.5,46840,19567.4
M075_LHCO3_199502,247033,5367.66,232207,259496,252401,241665,72875.6,17571,30191.1,136853,90446.6,55304.7,95354.5
M075_LHCO3_199504,256260,5215.42,241293,270028,261476,251045,77364.2,19355.9,32898.8,147095,96720.1,58008.3,94198.1
M075_LHCO3_199505,306716,6011.18,290759,322671,312727,300705,84757.8,21235.6,35129.4,172546,105993,63522.2,118213
M075_LHCO3_199506,870077,5538.13,854719,882376,875615,864539,170652,41677.9,77225,321189,212330,128974,533530
M075_LHCO3_199508,273657,5688.12,260730,285439,279345,267969,80776.2,21255,33875.3,163432,102031,59521.1,97297.2
M075_LHCO3_199509,174038,5009.67,161973,190238,179048,169028,76691.7,19588.9,32209.7,152374,96280.6,57102.8,9598.7
M075_LHCO3_199510,204456,5211.41,192463,216244,209667,199244,72333.1,17974.5,30594.3,143025,90307.5,54358.6,49437.5
M075_LHCO3_199610,246790,5691.93,230541,263990,252482,241098,84469,24272.1,34769.2,179982,108741,60196.9,50558.5
M075_LHCO3_199712,181407,5983.35,162489,196252,187390,175423,77705.3,19296.2,33176.1,153397,97001.6,58409.1,9091.51
M075_LHCO3_199805,562699,5518.17,549082,577336,568217,557181,78666.2,19530.6,34585.3,154144,98196.7,59135.6,394938
M075_LHCO3_199906,741411,5299.27,727621,752820,746710,736112,124857,30437.2,58226.3,235413,155294,94419.6,492208
M075_LHCO3_199907,668422,5116.09,652158,680594,673538,663306,97473.4,26158.3,41422.9,203077,123632,71315.1,449081
M075_LHCO3_199908,610686,5144.66,596039,622011,615831,605541,88473.6,21835.7,37142.5,171723,110309,66637.9,424316
M075_LHCO3_199912,159833,5298.2,146693,172953,165131,154535,74921.6,18278.5,32670.6,146284,93200.1,56643.1,408.294
M075_LHCO3_200004,217419,6060.7,202223,229473,223480,211358,88100.9,21472.1,38058.7,169209,109573,66628.8,33013.9
M075_LHCO3_200104,253987,5570.23,237668,265798,259557,248416,95912.6,23177.5,43931.1,187425,119090,72735.1,50242.7
M075_LHCO3_200207,2958.49,5492.43,-10858,18697,8450.92,-2533.95,70764.2,17512.6,31667.9,140599,88276.8,53251.5,12970.9
M075_LHCO3_200305,323101,5216.8,302717,336217,328318,317885,81630.9,22121.4,38262.9,168639,103752,59509.5,134079
M075_LHCO3_200403,216959,5042.49,204867,229435,222001,211916,93979.4,23187.7,41826,180310,117167,70791.7,24556.9
M075_LHCO3_200407,268844,5452.88,253797,280192,274297,263391,73402.8,18391.6,32643.1,145657,91794.4,55011.2,108140
M075_LHCO3_200501,180620,5252.22,166010,194937,185873,175368,82422.7,20833.3,37186.7,159977,103256,61589.4,6033.17
M075_LHCO3_200503,253942,5182.31,237748,267557,259124,248760,100192,23564.4,50266.9,191945,123756,76627.5,45803.5
M075_LHCO3_200904,255217,5307.09,240526,267392,260524,249910,126964,30921.2,59776.5,235946,157885,96043.1,4580.66
M075_LHCO3_200906,363855,5433.7,347639,380702,369289,358421,158163,42125.5,67434.6,284854,200288,116037,62784.4
M075_LHCO3_201005,409562,4928.19,397284,419971,414490,404633,203596,59065.6,84398.7,366794,262662,144531,30489.5
M075_LK_199201,1936.74,81.3468,1704.48,2173.33,2018.09,1855.4,284.998,61.6751,134.838,423.783,346.673,223.323,1280.7
M075_LK_199203,2767.41,82.8979,2522.48,3012.04,2850.31,2684.51,396.032,72.4115,208.379,568.436,468.443,323.62,1954.04
M075_LK_199205,6407.46,78.7452,6199.28,6628.99,6486.21,6328.72,413.224,72.9654,260.738,578.471,486.189,340.259,5620.81
M075_LK_199208,3460.33,83.99,3247.98,3664.4,3544.32,3376.34,333.59,81.5549,172.989,524.473,415.145,252.035,2723.51
M075_LK_199211,2432,85.2607,2230.02,2644.45,2517.26,2346.74,329.312,78.5662,176.022,522.079,407.878,250.746,1707.94
M075_LK_199303,3819.38,83.6546,3581.39,4047.96,3903.03,3735.72,599.408,115.224,294.738,879.171,714.632,484.185,2702.22
M075_LK_199305,7486.48,86.6246,7273.08,7731.63,7573.1,7399.85,815.368,165.857,463.163,1271.98,981.225,649.511,6001.1
M075_LK_199309,7764.33,90.1826,7525.25,8009.85,7854.51,7674.14,460.328,98.6765,246.951,711.187,559.004,361.651,6814.07
M075_LK_199411,3263.35,85.8869,3064.38,3504.57,3349.24,3177.46,462.217,93.5158,268.935,721.602,555.733,368.701,2342.78
M075_LK_199501,2421.62,75.854,2235.45,2614.42,2497.48,2345.77,452.4,97.8075,243.901,724.051,550.207,354.592,1511.4
M075_LK_199502,3566.89,90.9479,3312.49,3847.47,3657.84,3475.94,575.747,108.768,340.291,842.609,684.515,466.978,2469.88
M075_LK_199504,3652.09,86.9487,3431.54,3847.16,3739.04,3565.15,597.772,116.213,325.815,924.565,713.985,481.56,2506.98
M075_LK_199505,4360.77,88.0637,4144.56,4594.11,4448.84,4272.71,616.634,136.85,341.471,941.339,753.484,479.785,3203.22
M075_LK_199506,12707,82.3999,12486.7,12927.6,12789.4,12624.6,1152.3,242.864,626.779,1757.27,1395.16,909.435,10729.4
M075_LK_199508,4320.09,81.5594,4123.72,4512.85,4401.64,4238.53,728.56,177.285,379.502,1242.98,905.846,551.275,2880.75
M075_LK_199509,2921.26,87.8969,2703.18,3160.44,3009.16,2833.36,676.004,165.734,372.245,1219.37,841.738,510.27,1483.8
M075_LK_199510,3387.13,89.075,3061.41,3606.73,3476.21,3298.06,662.792,155.346,356.606,1167.09,818.138,507.446,1894.33
M075_LK_199512,2155.52,91.5528,1926.83,2367.19,2247.07,2063.97,631.909,151.56,323.046,1128.18,783.469,480.349,798.648
M075_LK_199601,1960.94,85.805,1744.2,2155.69,2046.75,1875.14,630.771,154.108,332.091,1149.45,784.879,476.662,594.746
M075_LK_199604,1458.91,81.0569,1259.13,1670.5,1539.97,1377.86,594.901,152.343,312.473,1134.33,747.244,442.557,124.804
M075_LK_199610,3976.11,95.5472,3752.95,4221.75,4071.65,3880.56,772.459,195.632,412.826,1431.02,968.091,576.827,2321.93
M075_LK_199702,2435.16,88.2807,2201.52,2665.08,2523.44,2346.88,705.169,176.397,413.128,1219.3,881.567,528.772,982.224
M075_LK_199805,7829.41,89.8636,7629.2,8049.69,7919.28,7739.55,3300.51,1042,1550.23,5518.95,4342.51,2258.5,2110.25
M075_LK_199906,10600.1,83.7136,10388.4,10873.1,10683.8,10516.4,2582.81,548.567,1331.13,4051.19,3131.38,2034.24,6337.21
M075_LK_199907,10007.6,84.6202,9807.56,10297.3,10092.2,9922.96,2482.04,585.863,1218.97,4077.16,3067.91,1896.18,5730.4
M075_LK_199908,9281.55,85.1463,9112.3,9467.93,9366.69,9196.4,2566.27,626.214,1331.34,4132.36,3192.49,1940.06,4979.94
M075_LK_200011,2622.68,85.467,2385.11,2883.03,2708.15,2537.22,781.775,210.295,456.304,1276.17,992.07,571.48,1108.94
M075_LK_200103,2622.71,91.6337,2368.65,2830.98,2714.34,2531.08,853.337,153.008,568.651,1257.34,1006.35,700.329,1111.31
M075_LK_200104,3631.38,77.9652,3432.31,3830.98,3709.35,3553.42,812.108,140.352,520.579,1274.18,952.459,671.756,2158.13
M075_LK_200108,2681.38,85.0415,2470.25,2926.71,2766.43,2596.34,907.399,281.192,519.278,1592.52,1188.59,626.206,877.725
M075_LK_200111,1817.04,86.8845,1625.52,2036.63,1903.93,1730.16,701.386,237.448,401.509,1415.68,938.833,463.938,209.839
M075_LK_200203,1260.57,84.7047,1047.67,1484.78,1345.27,1175.86,584.044,121.723,334.121,1011.64,705.766,462.321,36.0368
M075_LK_200205,1534.8,87.2733,1318.78,1732.08,1622.07,1447.53,586.359,122.884,333.234,915.891,709.243,463.475,402.89
M075_LK_200301,1621.79,79.1907,1434.15,1796.14,1700.98,1542.6,643.681,120.673,422.028,995.724,764.355,523.008,438.426
M075_LK_200303,2143.25,87.5826,1883.74,2337.9,2230.83,2055.66,1082.64,169.188,738.088,1599.47,1251.83,913.454,284.275
M075_LK_200305,4641.44,85.4729,4413.59,4847.61,4726.91,4555.96,737.127,169.139,415.424,1278.55,906.266,567.987,3135.04
M075_LK_200312,1931.78,84.4222,1665.82,2105.46,2016.2,1847.35,513.097,115.983,294.674,911.368,629.08,397.114,754.447
M075_LK_200403,3145.5,86.8301,2869.17,3346.69,3232.33,3058.67,673.447,135.637,396.286,1097.69,809.085,537.81,1771.48
M075_LK_200407,4074.95,96.756,3833.17,4308.69,4171.7,3978.19,607.625,166.759,314.77,1178.69,774.384,440.866,2654.48
M075_LK_200501,2773.22,74.5698,2563.6,3013.67,2847.79,2698.65,652.523,156.754,375.454,1210.35,809.276,495.769,1353.24
M075_LK_200503,3629.08,88.8016,3286,3810.59,3717.88,3540.28,1351.73,206.025,957.376,2003.95,1557.76,1145.71,1282.05
M075_LK_200609,3536.82,91.6894,3341.24,3829.09,3628.51,3445.13,1317.26,260.827,863.928,2476.84,1578.08,1056.43,864.402
M075_LK_200611,3341.15,79.3408,3174.38,3546.86,3420.49,3261.81,1027.61,248.594,646.797,2150.23,1276.2,779.013,1024.14
M075_LK_200704,4369.47,86.0882,4140.82,4601.53,4455.56,4283.39,1168.15,234.64,650.412,1881.04,1402.79,933.514,2259.78
M075_LK_200810,2601.07,80.5638,2387.54,2818.22,2681.64,2520.51,938.134,194.109,542.405,1505.52,1132.24,744.024,882.016
M075_LK_200812,2456.04,89.1642,2189.07,2684.81,2545.21,2366.88,838.419,166.288,479.684,1303.55,1004.71,672.131,885.52
M075_LK_200904,3662.61,90.5471,3412.9,3863.59,3753.16,3572.06,1025.65,195.874,614.456,1579.47,1221.52,829.777,1833.42
M075_LK_200906,5391.48,82.0438,5208.69,5647.77,5473.53,5309.44,1072.72,267.495,597.774,2268.65,1340.22,805.229,2940.04
M075_LK_200912,2139.19,78.5309,1972.8,2398.94,2217.72,2060.66,890.741,178.082,515.642,1397.9,1068.82,712.66,574.903
M075_LK_201005,5811.53,85.5996,5567.97,6005.5,5897.13,5725.93,1731.75,419.593,865.197,2774.14,2151.34,1312.15,2793.83
M075_LK_201007,2391.79,77.2871,2215.24,2580.11,2469.08,2314.51,980.467,221.045,528.371,1700.01,1201.51,759.422,515.232
M075_LK_201111,2711.28,79.6742,2512.96,2896.15,2790.95,2631.6,1173.76,373.318,479.985,2082.13,1547.08,800.442,430.829
M075_LMG_200207,494.856,359.83,-324.028,1715.17,854.685,135.026,4788.39,5350.44,1979.33,35376.2,10138.8,-562.049,264.159
M075_LNA_199205,46048.8,392.293,44822.8,46906.8,46441.1,45656.5,23762.8,5770.03,10847.1,38211.2,29532.9,17992.8,6611.6
M075_LNA_199309,50699.7,486.236,49485.7,52166.2,51186,50213.5,29144.5,7668.04,11195.5,48873.5,36812.6,21476.5,612.141
M075_LNA_199609,10088,426.561,9138.24,11065.6,10514.6,9661.48,27042.5,7127.87,11197.4,49260.6,34170.4,19914.6,131.816
M075_LNA_200207,1453.19,450.086,-16.8596,2759.08,1903.27,1003.1,27312.7,7081.71,10898.5,48912.7,34394.5,20231,8139.44
M075_LSO4_199609,44456.4,2202.76,39059,51318.6,46659.2,42253.7,97638.2,26646.4,66943.7,231490,124285,70991.7,15625.1
M075_LSO4_199805,316403,2260.03,309813,322770,318663,314143,145516,29316.3,98687.2,286901,174833,116200,22912
M075_LSO4_199907,339281,2193.53,333625,345312,341475,337088,163295,32073.1,112906,317909,195368,131222,15715.5
M075_LSO4_199908,322203,2108.65,317393,326459,324311,320094,157930,31304.4,112422,317301,189235,126626,92.3142
M075_LSO4_200207,7883.76,2181.97,1366.39,13353.8,10065.7,5701.79,99978.8,24371.4,69159.5,225978,124350,75607.4,55805.7
M075_LSO4_200303,131731,2246.46,125201,137491,133977,129484,203269,27800.5,163065,349444,231070,175469,25573.3
M075_LSO4_200307,53838.6,2212.27,48034.2,59218,56050.9,51626.3,117170,25378.5,81788.5,240591,142548,91791.1,22570.5
M075_LSO4_200503,195066,2157.54,190050,200451,197224,192909,281999,44143.8,209528,476073,326143,237855,9076.55
M075_LSO4_201007,116402,2351.7,108751,122684,118753,114050,183064,57615,123957,477128,240679,125449,1273.4
